Strike ID,Date,Location,Area,Minimum total people killed,Maximum total people killed,Minimum civilians reported killed,Maximum civilians reported killed,Minimum children reported killed,Maximum children reported killed,Minimum reported injured,Maximum reported injured,Strike link,,Index
B1,17/06/2004,Wana,South Waziristan,6,8,2,2,2,2,1,1,http://www.thebureauinvestigates.com/2011/08/10/the-bush-years-2004-2009/#B1,http://www.thebureauinvestigates.com/2011/08/10/the-bush-years-2004-2009/#,1
B2,08/05/05,Toorikhel,North Waziristan,2,2,0,0,0,0,0,0,http://www.thebureauinvestigates.com/2011/08/10/the-bush-years-2004-2009/#B2,,2
B3,05/11/05,Mosaki,North Waziristan,8,8,3,8,2,3,1,1,http://www.thebureauinvestigates.com/2011/08/10/the-bush-years-2004-2009/#B3,,3
B4,01/12/05,Haisori,North Waziristan,6,6,2,3,2,2,0,0,http://www.thebureauinvestigates.com/2011/08/10/the-bush-years-2004-2009/#B4,,4
B5,13/01/2006,Damadola,Bajaur Agency,13,22,10,18,5,6,0,0,http://www.thebureauinvestigates.com/2011/08/10/the-bush-years-2004-2009/#B5,,5
B6,30/10/2006,Chenegai,Bajaur Agency,81,83,80,82,68,70,3,3,http://www.thebureauinvestigates.com/2011/08/10/the-bush-years-2004-2009/#B6,,6
B7,16/01/2007,Zamazola,South Waziristan,8,8,8,8,1,1,0,0,http://www.thebureauinvestigates.com/2011/08/10/the-bush-years-2004-2009/#B7,,7
B8,27/04/2007,Saidgai,North Waziristan,3,4,3,4,0,0,3,9,http://www.thebureauinvestigates.com/2011/08/10/the-bush-years-2004-2009/#B8,,8
B9,19/06/2007,Mami Rogha,North Waziristan,20,34,0,34,0,0,10,15,http://www.thebureauinvestigates.com/2011/08/10/the-bush-years-2004-2009/#B9,,9
B10,02/11/07,Danda Darpakhel,North Waziristan,5,10,0,0,0,0,6,12,http://www.thebureauinvestigates.com/2011/08/10/the-bush-years-2004-2009/#B10,,10
B11,03/12/07,Jani Khel,Bannu Frontier Region,0,0,0,0,0,0,1,1,http://www.thebureauinvestigates.com/2011/08/10/the-bush-years-2004-2009/#B11,,11
B12,29/01/2008,Mir Ali,North Waziristan,12,15,4,6,2,3,1,2,http://www.thebureauinvestigates.com/2011/08/10/the-bush-years-2004-2009/#B12,,12
B13,28/02/2008,Azam Warsak,South Waziristan,10,13,0,0,0,0,6,16,http://www.thebureauinvestigates.com/2011/08/10/the-bush-years-2004-2009/#B13,,13
B14,16/03/2008,Dhook Pir Bagh,South Waziristan,18,20,0,4,0,0,5,9,http://www.thebureauinvestigates.com/2011/08/10/the-bush-years-2004-2009/#B14,,14
B15,14/05/2008,Damadola,Bajaur Agency,12,20,4,6,1,4,9,9,http://www.thebureauinvestigates.com/2011/08/10/the-bush-years-2004-2009/#B15,,15
B16,14/06/2008,Makeen,South Waziristan,1,1,0,1,0,0,0,0,http://www.thebureauinvestigates.com/2011/08/10/the-bush-years-2004-2009/#B16,,16
B17,28/07/2008,Zeralita,South Waziristan,7,12,1,5,0,2,3,3,http://www.thebureauinvestigates.com/2011/08/10/the-bush-years-2004-2009/#B17,,17
B18,12/08/08,Bhaggar,South Waziristan,12,25,0,5,0,0,0,4,http://www.thebureauinvestigates.com/2011/08/10/the-bush-years-2004-2009/#B18,,18
B19,20/08/2008,Zari Noor,South Waziristan,6,12,0,0,0,0,5,5,http://www.thebureauinvestigates.com/2011/08/10/the-bush-years-2004-2009/#B19,,19
B20,27/08/2008,Ganki Khel,South Waziristan,0,0,0,0,0,0,4,4,http://www.thebureauinvestigates.com/2011/08/10/the-bush-years-2004-2009/#B20,,20
B21,30/08/2008,Korzai,South Waziristan,4,5,0,0,0,0,4,4,http://www.thebureauinvestigates.com/2011/08/10/the-bush-years-2004-2009/#B21,,21
B22,30/08/2008,Miram Shah,North Waziristan,6,11,2,9,1,4,2,8,http://www.thebureauinvestigates.com/2011/08/10/the-bush-years-2004-2009/#B22,,22
B23,02/09/08,Unknown,North Waziristan,0,10,0,0,0,0,0,1,http://www.thebureauinvestigates.com/2011/08/10/the-bush-years-2004-2009/#B23,,23
B24,04/09/08,Mohammad Khel,North Waziristan,5,7,0,0,0,0,3,4,http://www.thebureauinvestigates.com/2011/08/10/the-bush-years-2004-2009/#B24,,24
B25,05/09/08,Gurwak,North Waziristan,5,12,5,7,3,4,0,0,http://www.thebureauinvestigates.com/2011/08/10/the-bush-years-2004-2009/#B25,,25
B26,08/09/08,Miram Shah,North Waziristan,17,23,11,20,5,8,14,25,http://www.thebureauinvestigates.com/2011/08/10/the-bush-years-2004-2009/#B26,,26
B27,12/09/08,Tol Khel,North Waziristan,12,15,3,5,2,2,14,14,http://www.thebureauinvestigates.com/2011/08/10/the-bush-years-2004-2009/#B27,,27
B28,17/09/2008,Baghar Cheena,South Waziristan,4,7,0,0,0,0,3,3,http://www.thebureauinvestigates.com/2011/08/10/the-bush-years-2004-2009/#B28,,28
B29,30/09/2008,Khushali,South Waziristan,4,8,0,0,0,0,5,9,http://www.thebureauinvestigates.com/2011/08/10/the-bush-years-2004-2009/#B29,,29
B30,03/10/08,Datta Khel,North Waziristan,3,3,3,3,1,1,5,5,http://www.thebureauinvestigates.com/2011/08/10/the-bush-years-2004-2009/#B30,,30
B31,03/10/08,Datta Khel,North Waziristan,17,21,7,14,3,3,0,0,http://www.thebureauinvestigates.com/2011/08/10/the-bush-years-2004-2009/#B31,,31
B32,09/10/08,Tati,North Waziristan,5,9,1,9,1,4,2,2,http://www.thebureauinvestigates.com/2011/08/10/the-bush-years-2004-2009/#B32,,32
B33,11/10/08,Miram Shah,North Waziristan,4,5,0,0,0,0,2,2,http://www.thebureauinvestigates.com/2011/08/10/the-bush-years-2004-2009/#B33,,33
B34,16/10/2008,Taparghai,South Waziristan,2,9,0,4,0,0,1,7,http://www.thebureauinvestigates.com/2011/08/10/the-bush-years-2004-2009/#B34,,34
B35,23/10/2008,Danda Darpakhel,North Waziristan,8,11,7,10,7,7,6,11,http://www.thebureauinvestigates.com/2011/08/10/the-bush-years-2004-2009/#B35,,35
B36,26/10/2008,Mandata,South Waziristan,18,20,0,4,0,3,2,2,http://www.thebureauinvestigates.com/2011/08/10/the-bush-years-2004-2009/#B36,,36
B37,31/10/2008,Asori,North Waziristan,4,25,1,20,0,0,0,0,http://www.thebureauinvestigates.com/2011/08/10/the-bush-years-2004-2009/#B37,,37
B38,31/10/2008,Kari Kot,South Waziristan,4,12,1,1,0,0,2,30,http://www.thebureauinvestigates.com/2011/08/10/the-bush-years-2004-2009/#B38,,38
B39,07/11/08,Kumsham,North Waziristan,11,16,6,11,0,0,17,17,http://www.thebureauinvestigates.com/2011/08/10/the-bush-years-2004-2009/#B39,,39
B40,14/11/2008,Garyom,North Waziristan,11,13,3,12,0,0,2,2,http://www.thebureauinvestigates.com/2011/08/10/the-bush-years-2004-2009/#B40,,40
B41,19/11/2008,Jani Khel,Bannu Frontier Region,3,6,0,3,0,0,7,7,http://www.thebureauinvestigates.com/2011/08/10/the-bush-years-2004-2009/#B41,,41
B42,22/11/2008,Ali Khel,North Waziristan,4,6,0,1,0,0,6,6,http://www.thebureauinvestigates.com/2011/08/10/the-bush-years-2004-2009/#B42,,42
B43,27/11/2008,Wana,South Waziristan,5,5,0,0,0,0,0,0,http://www.thebureauinvestigates.com/2011/08/10/the-bush-years-2004-2009/#B43,,43
B44,29/11/2008,Chashma,North Waziristan,2,3,0,3,0,0,2,3,http://www.thebureauinvestigates.com/2011/08/10/the-bush-years-2004-2009/#B44,,44
B45,05/12/08,Kateera,North Waziristan,3,4,0,0,0,0,2,2,http://www.thebureauinvestigates.com/2011/08/10/the-bush-years-2004-2009/#B45,,45
B46,11/12/08,Azam Warsak,South Waziristan,6,7,0,7,0,0,0,0,http://www.thebureauinvestigates.com/2011/08/10/the-bush-years-2004-2009/#B46,,46
B47,15/12/2008,Tapi Tool,North Waziristan,2,3,0,3,0,0,3,3,http://www.thebureauinvestigates.com/2011/08/10/the-bush-years-2004-2009/#B47,,47
B48,22/12/2008,Kari Kot,South Waziristan,3,3,0,0,0,0,5,5,http://www.thebureauinvestigates.com/2011/08/10/the-bush-years-2004-2009/#B48,,48
B49,22/12/2008,Shin Warsak,South Waziristan,2,4,0,0,0,0,4,4,http://www.thebureauinvestigates.com/2011/08/10/the-bush-years-2004-2009/#B49,,49
B50,01/01/09,Kari Kot,South Waziristan,3,5,0,0,0,0,1,2,http://www.thebureauinvestigates.com/2011/08/10/the-bush-years-2004-2009/#B50,,50
B51,02/01/09,Madin Village,South Waziristan,3,4,0,0,0,0,3,5,http://www.thebureauinvestigates.com/2011/08/10/the-bush-years-2004-2009/#B51,,51
Ob1,23/01/2009,Zharki,North Waziristan,7,15,9,11,1,1,1,1,http://www.thebureauinvestigates.com/2011/08/10/obama-2009-strikes/#Ob1,http://www.thebureauinvestigates.com/2011/08/10/obama-2009-strikes/#,52
Ob2,23/01/2009,Ganki Khel,South Waziristan,5,10,5,10,3,4,2,2,http://www.thebureauinvestigates.com/2011/08/10/obama-2009-strikes/#Ob2,,53
Ob3,14/02/2009,Narsi Khel,South Waziristan,25,35,1,9,1,1,11,15,http://www.thebureauinvestigates.com/2011/08/10/obama-2009-strikes/#Ob3,,54
Ob4,16/02/2009,Sur Pul,Kurram Agency,18,31,0,0,0,0,3,7,http://www.thebureauinvestigates.com/2011/08/10/obama-2009-strikes/#Ob4,,55
Ob5,01/03/09,Sararogha,South Waziristan,3,12,0,0,0,0,1,3,http://www.thebureauinvestigates.com/2011/08/10/obama-2009-strikes/#Ob5,,56
Ob6,12/03/09,Barjo,Kurram Agency,14,26,0,0,0,0,9,50,http://www.thebureauinvestigates.com/2011/08/10/obama-2009-strikes/#Ob6,,57
Ob7,15/03/2009,Jani Khel,Bannu Frontier Region,2,6,0,0,0,0,3,3,http://www.thebureauinvestigates.com/2011/08/10/obama-2009-strikes/#Ob7,,58
Ob8,25/03/2009,Makeen,South Waziristan,6,8,0,0,0,0,5,5,http://www.thebureauinvestigates.com/2011/08/10/obama-2009-strikes/#Ob8,,59
Ob9,26/03/2009,Sokhel,North Waziristan,4,5,0,5,0,0,5,5,http://www.thebureauinvestigates.com/2011/08/10/obama-2009-strikes/#Ob9,,60
Ob10,01/04/09,Khadezai,Orakzai Agency,10,14,5,5,3,3,4,16,http://www.thebureauinvestigates.com/2011/08/10/obama-2009-strikes/#Ob10,,61
Ob11,04/04/09,Datta Khel,North Waziristan,13,15,8,13,3,5,1,1,http://www.thebureauinvestigates.com/2011/08/10/obama-2009-strikes/#Ob11,,62
Ob12,08/04/09,Ganki Khel,South Waziristan,3,4,0,0,0,0,2,5,http://www.thebureauinvestigates.com/2011/08/10/obama-2009-strikes/#Ob12,,63
Ob13,19/04/2009,Ganki Khel,South Waziristan,0,8,0,8,0,0,3,5,http://www.thebureauinvestigates.com/2011/08/10/obama-2009-strikes/#Ob13,,64
Ob14,29/04/2009,Kaniguram,South Waziristan,1,10,0,4,0,0,4,4,http://www.thebureauinvestigates.com/2011/08/10/obama-2009-strikes/#Ob14,,65
Ob15,09/05/09,Tabbi Langhar Khel,South Waziristan,6,25,0,4,0,0,7,10,http://www.thebureauinvestigates.com/2011/08/10/obama-2009-strikes/#Ob15,,66
Ob16,12/05/09,Sara Khwara,South Waziristan,5,9,0,0,0,0,4,4,http://www.thebureauinvestigates.com/2011/08/10/obama-2009-strikes/#Ob16,,67
Ob17,16/05/2009,Khesoor,North Waziristan,25,40,9,9,0,0,2,2,http://www.thebureauinvestigates.com/2011/08/10/obama-2009-strikes/#Ob17,,68
Ob18,14/06/2009,Marda Algad,South Waziristan,3,5,0,3,0,0,0,0,http://www.thebureauinvestigates.com/2011/08/10/obama-2009-strikes/#Ob18,,69
Ob19,18/06/2009,Wana,South Waziristan,12,18,4,4,0,0,10,10,http://www.thebureauinvestigates.com/2011/08/10/obama-2009-strikes/#Ob19,,70
Ob20,23/06/2009,Makeen,South Waziristan,5,6,0,0,0,0,7,7,http://www.thebureauinvestigates.com/2011/08/10/obama-2009-strikes/#Ob20,,71
Ob21,23/06/2009,Makeen,South Waziristan,60,83,18,50,10,10,27,27,http://www.thebureauinvestigates.com/2011/08/10/obama-2009-strikes/#Ob21,,72
Ob22,03/07/09,Mantoi,South Waziristan,0,5,0,5,0,0,0,0,http://www.thebureauinvestigates.com/2011/08/10/obama-2009-strikes/#Ob22,,73
Ob23,03/07/09,Zamarai Nairai,South Waziristan,10,17,0,0,0,0,27,35,http://www.thebureauinvestigates.com/2011/08/10/obama-2009-strikes/#Ob23,,74
Ob24,07/07/09,Makeen,South Waziristan,14,18,0,0,0,0,10,10,http://www.thebureauinvestigates.com/2011/08/10/obama-2009-strikes/#Ob24,,75
Ob25,08/07/09,Ladha,South Waziristan,8,10,0,0,0,0,5,12,http://www.thebureauinvestigates.com/2011/08/10/obama-2009-strikes/#Ob25,,76
Ob26,08/07/09,Ladha,South Waziristan,35,40,0,0,0,0,1,1,http://www.thebureauinvestigates.com/2011/08/10/obama-2009-strikes/#Ob26,,77
Ob27,10/07/09,Painda Khel,South Waziristan,3,5,0,0,0,0,3,3,http://www.thebureauinvestigates.com/2011/08/10/obama-2009-strikes/#Ob27,,78
Ob28,17/07/2009,Gariwam,North Waziristan,5,6,0,0,0,0,4,6,http://www.thebureauinvestigates.com/2011/08/10/obama-2009-strikes/#Ob28,,79
Ob29,05/08/09,Ladha,South Waziristan,1,12,1,4,0,0,5,5,http://www.thebureauinvestigates.com/2011/08/10/obama-2009-strikes/#Ob29,,80
Ob30,11/08/09,Ladha,South Waziristan,12,25,0,6,4,4,5,7,http://www.thebureauinvestigates.com/2011/08/10/obama-2009-strikes/#Ob30,,81
Ob31,21/08/2009,Danda Darpakhel,North Waziristan,17,21,9,13,6,6,2,2,http://www.thebureauinvestigates.com/2011/08/10/obama-2009-strikes/#Ob31,,82
Ob32,27/08/2009,Taparghai,South Waziristan,8,10,0,0,0,0,6,9,http://www.thebureauinvestigates.com/2011/08/10/obama-2009-strikes/#Ob32,,83
Ob33,07/09/09,Machi Khel,North Waziristan,5,8,3,3,0,0,2,7,http://www.thebureauinvestigates.com/2011/08/10/obama-2009-strikes/#Ob33,,84
Ob34,08/09/09,Darga Mandi,North Waziristan,10,15,5,5,3,3,4,5,http://www.thebureauinvestigates.com/2011/08/10/obama-2009-strikes/#Ob34,,85
Ob35,14/09/2009,Toorikhel,North Waziristan,5,5,0,0,0,0,2,3,http://www.thebureauinvestigates.com/2011/08/10/obama-2009-strikes/#Ob35,,86
Ob36,24/09/2009,Mir Ali,North Waziristan,10,12,0,12,0,0,5,5,http://www.thebureauinvestigates.com/2011/08/10/obama-2009-strikes/#Ob36,,87
Ob37,29/09/2009,Sararogha,South Waziristan,5,6,0,0,0,0,2,6,http://www.thebureauinvestigates.com/2011/08/10/obama-2009-strikes/#Ob37,,88
Ob38,29/09/2009,Danda Darpakhel,North Waziristan,4,9,0,4,0,0,2,6,http://www.thebureauinvestigates.com/2011/08/10/obama-2009-strikes/#Ob38,,89
Ob39,30/09/2009,Norak,North Waziristan,6,9,0,0,0,0,2,5,http://www.thebureauinvestigates.com/2011/08/10/obama-2009-strikes/#Ob39,,90
Ob40,15/10/2009,Danda Darpakhel,North Waziristan,3,4,0,0,0,0,7,7,http://www.thebureauinvestigates.com/2011/08/10/obama-2009-strikes/#Ob40,,91
Ob41,21/10/2009,Spalaga,North Waziristan,3,3,0,0,0,0,8,8,http://www.thebureauinvestigates.com/2011/08/10/obama-2009-strikes/#Ob41,,92
Ob42,24/10/2009,Damadola,Bajaur Agency,20,30,0,0,0,0,8,8,http://www.thebureauinvestigates.com/2011/08/10/obama-2009-strikes/#Ob42,,93
Ob43,05/11/09,Norak,North Waziristan,4,6,0,0,0,0,8,8,http://www.thebureauinvestigates.com/2011/08/10/obama-2009-strikes/#Ob43,,94
Ob44,18/11/2009,Shanakorah,North Waziristan,3,6,0,0,0,0,2,15,http://www.thebureauinvestigates.com/2011/08/10/obama-2009-strikes/#Ob44,,95
Ob45,20/11/2009,Machi Khel,North Waziristan,3,14,3,3,1,1,2,12,http://www.thebureauinvestigates.com/2011/08/10/obama-2009-strikes/#Ob45,,96
Ob46,08/12/09,Spalaga,North Waziristan,3,4,0,0,0,0,3,3,http://www.thebureauinvestigates.com/2011/08/10/obama-2009-strikes/#Ob46,,97
Ob47,10/12/09,Ladha,South Waziristan,6,6,0,0,0,0,8,8,http://www.thebureauinvestigates.com/2011/08/10/obama-2009-strikes/#Ob47,,98
Ob48,17/12/2009,Datta Khel,North Waziristan,2,2,0,0,0,0,0,0,http://www.thebureauinvestigates.com/2011/08/10/obama-2009-strikes/#Ob48,,99
Ob49,17/12/2009,Ambar Shaga,North Waziristan,12,16,6,6,0,0,0,0,http://www.thebureauinvestigates.com/2011/08/10/obama-2009-strikes/#Ob49,,100
Ob50,18/12/2009,Babrak Ziarat,North Waziristan,5,8,5,5,0,0,4,5,http://www.thebureauinvestigates.com/2011/08/10/obama-2009-strikes/#Ob50,,101
Ob51,26/12/2009,Saidgai,North Waziristan,13,20,6,6,0,0,12,12,http://www.thebureauinvestigates.com/2011/08/10/obama-2009-strikes/#Ob51,,102
Ob52,31/12/2009,Machi Khel,North Waziristan,3,7,3,3,1,1,2,2,http://www.thebureauinvestigates.com/2011/08/10/obama-2009-strikes/#Ob52,,103
Ob53,01/01/10,Ghundikala,North Waziristan,2,3,0,0,0,0,3,4,http://www.thebureauinvestigates.com/2011/08/10/obama-2010-strikes/#Ob53,http://www.thebureauinvestigates.com/2011/08/10/obama-2010-strikes/#,104
Ob54,03/01/10,Mosaki,North Waziristan,5,5,1,2,1,1,2,2,http://www.thebureauinvestigates.com/2011/08/10/obama-2010-strikes/#Ob54,,105
Ob55,06/01/10,Sanzali,North Waziristan,5,7,0,6,0,0,5,5,http://www.thebureauinvestigates.com/2011/08/10/obama-2010-strikes/#Ob55,,106
Ob56,06/01/10,Sanzali,North Waziristan,5,9,5,5,0,0,3,3,http://www.thebureauinvestigates.com/2011/08/10/obama-2010-strikes/#Ob56,,107
Ob57,08/01/10,Tappi,North Waziristan,5,6,5,5,1,1,3,3,http://www.thebureauinvestigates.com/2011/08/10/obama-2010-strikes/#Ob57,,108
Ob58,09/01/10,Ismail Khel,North Waziristan,4,5,0,0,0,0,5,5,http://www.thebureauinvestigates.com/2011/08/10/obama-2010-strikes/#Ob58,,109
Ob59,09/01/10,Shaktoi,North Waziristan,15,18,0,0,0,0,7,14,http://www.thebureauinvestigates.com/2011/08/10/obama-2010-strikes/#Ob59,,110
Ob60,15/01/2010,Zanani,North Waziristan,5,10,0,0,0,0,3,3,http://www.thebureauinvestigates.com/2011/08/10/obama-2010-strikes/#Ob60,,111
Ob61,15/01/2010,Shaktoi,North Waziristan,6,10,0,0,0,0,0,0,http://www.thebureauinvestigates.com/2011/08/10/obama-2010-strikes/#Ob61,,112
Ob62,17/01/2010,Shaktoi,North Waziristan,14,20,0,0,0,0,4,4,http://www.thebureauinvestigates.com/2011/08/10/obama-2010-strikes/#Ob62,,113
Ob63,19/01/2010,Deegan,North Waziristan,5,9,0,0,0,0,4,4,http://www.thebureauinvestigates.com/2011/08/10/obama-2010-strikes/#Ob63,,114
Ob64,29/01/2010,Mohammad Khel,North Waziristan,2,15,0,0,0,0,4,4,http://www.thebureauinvestigates.com/2011/08/10/obama-2010-strikes/#Ob64,,115
Ob65,02/02/10,Toor Narai,North Waziristan,23,24,0,0,0,0,0,0,http://www.thebureauinvestigates.com/2011/08/10/obama-2010-strikes/#Ob65,,116
Ob66,02/02/10,Deegan,North Waziristan,0,0,0,0,0,0,0,0,http://www.thebureauinvestigates.com/2011/08/10/obama-2010-strikes/#Ob66,,117
Ob67,02/02/10,Mohammad Khel,North Waziristan,0,0,0,0,0,0,0,0,http://www.thebureauinvestigates.com/2011/08/10/obama-2010-strikes/#Ob67,,118
Ob68,02/02/10,Pai Khel,North Waziristan,9,9,5,5,0,0,0,0,http://www.thebureauinvestigates.com/2011/08/10/obama-2010-strikes/#Ob68,,119
Ob69,14/02/2010,Mir Ali,North Waziristan,5,7,0,0,0,0,4,4,http://www.thebureauinvestigates.com/2011/08/10/obama-2010-strikes/#Ob69,,120
Ob70,15/02/2010,Tappi,North Waziristan,4,5,0,0,0,0,0,0,http://www.thebureauinvestigates.com/2011/08/10/obama-2010-strikes/#Ob70,,121
Ob71,17/02/2010,Tabbi,North Waziristan,4,4,0,0,0,0,2,3,http://www.thebureauinvestigates.com/2011/08/10/obama-2010-strikes/#Ob71,,122
Ob72,18/02/2010,Danda Darpakhel,North Waziristan,3,5,0,0,0,0,4,4,http://www.thebureauinvestigates.com/2011/08/10/obama-2010-strikes/#Ob72,,123
Ob73,24/02/2010,Darga Mandi,North Waziristan,5,13,5,6,1,1,6,6,http://www.thebureauinvestigates.com/2011/08/10/obama-2010-strikes/#Ob73,,124
Ob74,08/03/10,Miram Shah,North Waziristan,9,9,0,0,0,0,2,2,http://www.thebureauinvestigates.com/2011/08/10/obama-2010-strikes/#Ob74,,125
Ob75,10/03/10,Mizar Madakhel,North Waziristan,7,8,0,0,0,0,12,12,http://www.thebureauinvestigates.com/2011/08/10/obama-2010-strikes/#Ob75,,126
Ob76,10/03/10,Mizar Madakhel,North Waziristan,7,7,4,7,0,0,0,0,http://www.thebureauinvestigates.com/2011/08/10/obama-2010-strikes/#Ob76,,127
Ob77,16/03/2010,Datta Khel,North Waziristan,7,11,0,0,0,0,2,2,http://www.thebureauinvestigates.com/2011/08/10/obama-2010-strikes/#Ob77,,128
Ob78,17/03/2010,Hamzoni,North Waziristan,3,5,0,0,0,0,4,4,http://www.thebureauinvestigates.com/2011/08/10/obama-2010-strikes/#Ob78,,129
Ob79,17/03/2010,Mizar Madakhel,North Waziristan,5,5,0,0,0,0,0,0,http://www.thebureauinvestigates.com/2011/08/10/obama-2010-strikes/#Ob79,,130
Ob80,21/03/2010,Inzar,North Waziristan,5,8,0,0,0,0,0,0,http://www.thebureauinvestigates.com/2011/08/10/obama-2010-strikes/#Ob80,,131
Ob81,23/03/2010,Machis,North Waziristan,6,6,0,0,0,0,3,3,http://www.thebureauinvestigates.com/2011/08/10/obama-2010-strikes/#Ob81,,132
Ob82,27/03/2010,Hurmuz,North Waziristan,4,4,0,4,0,0,5,5,http://www.thebureauinvestigates.com/2011/08/10/obama-2010-strikes/#Ob82,,133
Ob83,31/03/2010,Tappi,North Waziristan,5,6,5,6,1,1,2,2,http://www.thebureauinvestigates.com/2011/08/10/obama-2010-strikes/#Ob83,,134
Ob84,12/04/10,Boya,North Waziristan,13,13,8,13,2,2,2,3,http://www.thebureauinvestigates.com/2011/08/10/obama-2010-strikes/#Ob84,,135
Ob85,14/04/2010,Ambar Shaga,North Waziristan,4,5,0,0,0,0,1,3,http://www.thebureauinvestigates.com/2011/08/10/obama-2010-strikes/#Ob85,,136
Ob86,16/04/2010,Toorikhel,North Waziristan,3,4,0,0,0,0,2,2,http://www.thebureauinvestigates.com/2011/08/10/obama-2010-strikes/#Ob86,,137
Ob87,24/04/2010,Machi Khel,North Waziristan,7,9,0,0,0,0,0,0,http://www.thebureauinvestigates.com/2011/08/10/obama-2010-strikes/#Ob87,,138
Ob88,26/04/2010,Khushali,North Waziristan,3,8,0,0,0,0,3,3,http://www.thebureauinvestigates.com/2011/08/10/obama-2010-strikes/#Ob88,,139
Ob89,03/05/10,Machi Khel,North Waziristan,4,6,0,2,0,0,0,0,http://www.thebureauinvestigates.com/2011/08/10/obama-2010-strikes/#Ob89,,140
Ob90,09/05/10,Datta Khel,North Waziristan,5,10,0,4,0,0,4,4,http://www.thebureauinvestigates.com/2011/08/10/obama-2010-strikes/#Ob90,,141
Ob91,11/05/10,Datta Khel,North Waziristan,8,14,0,4,0,0,12,12,http://www.thebureauinvestigates.com/2011/08/10/obama-2010-strikes/#Ob91,,142
Ob92,11/05/10,Gurwak,North Waziristan,7,15,0,0,0,0,4,4,http://www.thebureauinvestigates.com/2011/08/10/obama-2010-strikes/#Ob92,,143
Ob93,15/05/2010,Khyber,Khyber Agency,5,15,0,2,0,0,15,15,http://www.thebureauinvestigates.com/2011/08/10/obama-2010-strikes/#Ob93,,144
Ob94,21/05/2010,Boya,North Waziristan,11,11,10,10,7,7,7,10,http://www.thebureauinvestigates.com/2011/08/10/obama-2010-strikes/#Ob94,,145
Ob95,28/05/2010,Mizai Nari,South Waziristan,8,12,0,11,0,0,4,4,http://www.thebureauinvestigates.com/2011/08/10/obama-2010-strikes/#Ob95,,146
Ob96,10/06/10,Norak,North Waziristan,2,7,4,4,0,0,3,3,http://www.thebureauinvestigates.com/2011/08/10/obama-2010-strikes/#Ob96,,147
Ob97,11/06/10,Maizer,North Waziristan,10,15,0,0,0,0,10,12,http://www.thebureauinvestigates.com/2011/08/10/obama-2010-strikes/#Ob97,,148
Ob98,19/06/2010,Haider Khel,North Waziristan,16,17,0,0,0,0,10,18,http://www.thebureauinvestigates.com/2011/08/10/obama-2010-strikes/#Ob98,,149
Ob99,26/06/2010,Khushali,North Waziristan,2,4,0,0,0,0,1,3,http://www.thebureauinvestigates.com/2011/08/10/obama-2010-strikes/#Ob99,,150
Ob100,27/06/2010,Tabbi,North Waziristan,5,6,0,0,0,0,4,4,http://www.thebureauinvestigates.com/2011/08/10/obama-2010-strikes/#Ob100,,151
Ob101,29/06/2010,Kari Kot,South Waziristan,7,10,0,0,0,0,1,4,http://www.thebureauinvestigates.com/2011/08/10/obama-2010-strikes/#Ob101,,152
Ob102,15/07/2010,Sheerani,North Waziristan,9,14,0,7,0,0,3,3,http://www.thebureauinvestigates.com/2011/08/10/obama-2010-strikes/#Ob102,,153
Ob103,24/07/2010,Dwasarak,South Waziristan,16,18,0,0,0,0,24,24,http://www.thebureauinvestigates.com/2011/08/10/obama-2010-strikes/#Ob103,,154
Ob104,25/07/2010,Shaktoi,North Waziristan,14,32,0,0,0,0,7,12,http://www.thebureauinvestigates.com/2011/08/10/obama-2010-strikes/#Ob104,,155
Ob105,25/07/2010,Tabbi,North Waziristan,4,12,0,0,0,0,2,4,http://www.thebureauinvestigates.com/2011/08/10/obama-2010-strikes/#Ob105,,156
Ob106,25/07/2010,Sararogha,South Waziristan,4,4,0,0,0,0,5,5,http://www.thebureauinvestigates.com/2011/08/10/obama-2010-strikes/#Ob106,,157
Ob107,14/08/2010,Issori,North Waziristan,13,14,7,7,1,1,5,6,http://www.thebureauinvestigates.com/2011/08/10/obama-2010-strikes/#Ob107,,158
Ob108,21/08/2010,Qutab Khel,North Waziristan,4,6,0,4,0,0,2,2,http://www.thebureauinvestigates.com/2011/08/10/obama-2010-strikes/#Ob108,,159
Ob109,23/08/2010,Danda Darpakhel,North Waziristan,20,20,7,9,3,3,15,15,http://www.thebureauinvestigates.com/2011/08/10/obama-2010-strikes/#Ob109,,160
Ob110,23/08/2010,Darga Mandi,North Waziristan,5,7,0,0,0,0,3,12,http://www.thebureauinvestigates.com/2011/08/10/obama-2010-strikes/#Ob110,,161
Ob111,27/08/2010,Shahidano,Kurram Agency,3,9,0,0,0,0,2,2,http://www.thebureauinvestigates.com/2011/08/10/obama-2010-strikes/#Ob111,,162
Ob112,27/08/2010,Badshah Kot,Kurram Agency,0,0,0,0,0,0,0,0,http://www.thebureauinvestigates.com/2011/08/10/obama-2010-strikes/#Ob112,,163
Ob113,27/08/2010,Taaloo Ganj,Kurram Agency,2,3,0,3,0,0,0,0,http://www.thebureauinvestigates.com/2011/08/10/obama-2010-strikes/#Ob113,,164
Ob114,03/09/10,Miram Shah,North Waziristan,6,9,0,0,0,0,2,3,http://www.thebureauinvestigates.com/2011/08/10/obama-2010-strikes/#Ob114,,165
Ob115,03/09/10,Datta Khel,North Waziristan,2,4,0,0,0,0,2,2,http://www.thebureauinvestigates.com/2011/08/10/obama-2010-strikes/#Ob115,,166
Ob116,04/09/10,Datta Khel,North Waziristan,7,8,0,0,0,0,12,12,http://www.thebureauinvestigates.com/2011/08/10/obama-2010-strikes/#Ob116,,167
Ob117,06/09/10,Khar Qamar,North Waziristan,3,6,0,0,0,0,1,1,http://www.thebureauinvestigates.com/2011/08/10/obama-2010-strikes/#Ob117,,168
Ob118,08/09/10,Danda Darpakhel,North Waziristan,5,10,4,4,4,4,2,2,http://www.thebureauinvestigates.com/2011/08/10/obama-2010-strikes/#Ob118,,169
Ob119,08/09/10,Ambar Shaga,North Waziristan,3,4,0,4,0,0,1,2,http://www.thebureauinvestigates.com/2011/08/10/obama-2010-strikes/#Ob119,,170
Ob120,08/09/10,Danda Darpakhel,North Waziristan,10,10,0,0,0,0,2,5,http://www.thebureauinvestigates.com/2011/08/10/obama-2010-strikes/#Ob120,,171
Ob121,09/09/10,Miram Shah,North Waziristan,3,6,0,0,0,0,3,5,http://www.thebureauinvestigates.com/2011/08/10/obama-2010-strikes/#Ob121,,172
Ob122,12/09/10,Newey Adda,North Waziristan,5,7,0,0,0,0,2,3,http://www.thebureauinvestigates.com/2011/08/10/obama-2010-strikes/#Ob122,,173
Ob123,14/09/2010,Bushnarai,North Waziristan,11,12,0,0,0,0,4,4,http://www.thebureauinvestigates.com/2011/08/10/obama-2010-strikes/#Ob123,,174
Ob124,14/09/2010,Qutab Khel,North Waziristan,1,4,0,0,0,0,4,4,http://www.thebureauinvestigates.com/2011/08/10/obama-2010-strikes/#Ob124,,175
Ob125,15/09/2010,Darga Mandi,North Waziristan,11,15,5,5,0,0,1,5,http://www.thebureauinvestigates.com/2011/08/10/obama-2010-strikes/#Ob125,,176
Ob126,15/09/2010,Pai Khel,North Waziristan,4,7,0,0,0,0,3,3,http://www.thebureauinvestigates.com/2011/08/10/obama-2010-strikes/#Ob126,,177
Ob127,19/09/2010,Deegan,North Waziristan,3,9,5,5,0,0,0,0,http://www.thebureauinvestigates.com/2011/08/10/obama-2010-strikes/#Ob127,,178
Ob128,20/09/2010,Darazinda,North Waziristan,3,6,0,3,0,0,0,0,http://www.thebureauinvestigates.com/2011/08/10/obama-2010-strikes/#Ob128,,179
Ob129,21/09/2010,Khand Morsak,South Waziristan,7,8,0,0,0,0,4,5,http://www.thebureauinvestigates.com/2011/08/10/obama-2010-strikes/#Ob129,,180
Ob130,21/09/2010,Azam Warsak,South Waziristan,0,16,0,0,0,0,0,0,http://www.thebureauinvestigates.com/2011/08/10/obama-2010-strikes/#Ob130,,181
Ob131,25/09/2010,Datta Khel,North Waziristan,2,4,0,0,0,0,0,0,http://www.thebureauinvestigates.com/2011/08/10/obama-2010-strikes/#Ob131,,182
Ob132,26/09/2010,Lawra Mandi,North Waziristan,4,5,0,0,0,0,2,2,http://www.thebureauinvestigates.com/2011/08/10/obama-2010-strikes/#Ob132,,183
Ob133,26/09/2010,Miram Shah,North Waziristan,3,5,0,0,0,0,1,2,http://www.thebureauinvestigates.com/2011/08/10/obama-2010-strikes/#Ob133,,184
Ob134,26/09/2010,Sheerani,North Waziristan,2,3,0,0,0,0,0,0,http://www.thebureauinvestigates.com/2011/08/10/obama-2010-strikes/#Ob134,,185
Ob135,27/09/2010,Khushali,North Waziristan,3,4,0,0,0,0,0,0,http://www.thebureauinvestigates.com/2011/08/10/obama-2010-strikes/#Ob135,,186
Ob136,28/09/2010,Zeba,South Waziristan,4,4,0,0,0,0,2,2,http://www.thebureauinvestigates.com/2011/08/10/obama-2010-strikes/#Ob136,,187
Ob137,02/10/10,Asar Village,North Waziristan,8,10,0,0,0,0,2,4,http://www.thebureauinvestigates.com/2011/08/10/obama-2010-strikes/#Ob137,,188
Ob138,02/10/10,Inzarkas,North Waziristan,7,14,0,0,0,0,2,2,http://www.thebureauinvestigates.com/2011/08/10/obama-2010-strikes/#Ob138,,189
Ob139,04/10/10,Mir Ali,North Waziristan,5,9,0,3,0,0,2,2,http://www.thebureauinvestigates.com/2011/08/10/obama-2010-strikes/#Ob139,,190
Ob140,06/10/10,Miram Shah,North Waziristan,5,11,0,0,0,0,4,4,http://www.thebureauinvestigates.com/2011/08/10/obama-2010-strikes/#Ob140,,191
Ob141,06/10/10,Hurmuz,North Waziristan,3,5,0,0,0,0,3,3,http://www.thebureauinvestigates.com/2011/08/10/obama-2010-strikes/#Ob141,,192
Ob142,07/10/10,Khaisoori,North Waziristan,4,4,0,0,0,0,2,2,http://www.thebureauinvestigates.com/2011/08/10/obama-2010-strikes/#Ob142,,193
Ob143,08/10/10,Mohammad Khel,North Waziristan,4,6,0,0,0,0,0,0,http://www.thebureauinvestigates.com/2011/08/10/obama-2010-strikes/#Ob143,,194
Ob144,08/10/10,Char Khel,North Waziristan,5,8,0,4,0,0,0,0,http://www.thebureauinvestigates.com/2011/08/10/obama-2010-strikes/#Ob144,,195
Ob145,10/10/10,Shiva,North Waziristan,4,9,0,0,0,0,3,3,http://www.thebureauinvestigates.com/2011/08/10/obama-2010-strikes/#Ob145,,196
Ob146,13/10/2010,Datta Khel,North Waziristan,6,14,3,6,0,0,0,0,http://www.thebureauinvestigates.com/2011/08/10/obama-2010-strikes/#Ob146,,197
Ob147,15/10/2010,Aziz Khel,North Waziristan,4,6,0,0,0,0,3,3,http://www.thebureauinvestigates.com/2011/08/10/obama-2010-strikes/#Ob147,,198
Ob148,15/10/2010,Machi Khel,North Waziristan,3,5,0,0,0,0,0,0,http://www.thebureauinvestigates.com/2011/08/10/obama-2010-strikes/#Ob148,,199
Ob149,18/10/2010,Datta Khel,North Waziristan,6,7,1,1,1,1,1,6,http://www.thebureauinvestigates.com/2011/08/10/obama-2010-strikes/#Ob149,,200
Ob150,27/10/2010,Mir Ali,North Waziristan,2,5,0,0,0,0,1,1,http://www.thebureauinvestigates.com/2011/08/10/obama-2010-strikes/#Ob150,,201
Ob151,27/10/2010,Deegan,North Waziristan,2,4,0,0,0,0,1,1,http://www.thebureauinvestigates.com/2011/08/10/obama-2010-strikes/#Ob151,,202
Ob152,28/10/2010,Ismail Khel,North Waziristan,4,8,0,4,0,0,0,0,http://www.thebureauinvestigates.com/2011/08/10/obama-2010-strikes/#Ob152,,203
Ob153,01/11/10,Haider Khel,North Waziristan,5,6,0,0,0,0,2,2,http://www.thebureauinvestigates.com/2011/08/10/obama-2010-strikes/#Ob153,,204
Ob154,03/11/10,Qutab Khel,North Waziristan,4,5,0,0,0,0,0,0,http://www.thebureauinvestigates.com/2011/08/10/obama-2010-strikes/#Ob154,,205
Ob155,03/11/10,Khaso Khel,North Waziristan,4,5,0,0,0,0,0,0,http://www.thebureauinvestigates.com/2011/08/10/obama-2010-strikes/#Ob155,,206
Ob156,03/11/10,Pai Khel,North Waziristan,4,5,0,0,0,0,0,0,http://www.thebureauinvestigates.com/2011/08/10/obama-2010-strikes/#Ob156,,207
Ob157,07/11/10,Ghulam Khan,North Waziristan,8,9,0,0,0,0,2,2,http://www.thebureauinvestigates.com/2011/08/10/obama-2010-strikes/#Ob157,,208
Ob158,07/11/10,Datta Khel,North Waziristan,3,6,0,0,0,0,1,4,http://www.thebureauinvestigates.com/2011/08/10/obama-2010-strikes/#Ob158,,209
Ob159,11/11/10,Ghulam Khan,North Waziristan,5,8,0,0,0,0,5,6,http://www.thebureauinvestigates.com/2011/08/10/obama-2010-strikes/#Ob159,,210
Ob160,13/11/2010,Miram Shah,North Waziristan,4,4,0,4,0,0,1,1,http://www.thebureauinvestigates.com/2011/08/10/obama-2010-strikes/#Ob160,,211
Ob161,16/11/2010,Ghulam Khan,North Waziristan,20,20,0,9,0,0,0,0,http://www.thebureauinvestigates.com/2011/08/10/obama-2010-strikes/#Ob161,,212
Ob162,19/11/2010,Norak,North Waziristan,2,4,0,0,0,0,1,1,http://www.thebureauinvestigates.com/2011/08/10/obama-2010-strikes/#Ob162,,213
Ob163,21/11/2010,Khaddi,North Waziristan,5,9,0,3,0,0,0,0,http://www.thebureauinvestigates.com/2011/08/10/obama-2010-strikes/#Ob163,,214
Ob164,22/11/2010,Khesoor,North Waziristan,3,6,0,0,0,0,2,3,http://www.thebureauinvestigates.com/2011/08/10/obama-2010-strikes/#Ob164,,215
Ob165,26/11/2010,Pir Kelev,North Waziristan,2,4,1,4,1,1,0,0,http://www.thebureauinvestigates.com/2011/08/10/obama-2010-strikes/#Ob165,,216
Ob166,28/11/2010,Hassan Khel,North Waziristan,0,4,0,0,0,0,0,0,http://www.thebureauinvestigates.com/2011/08/10/obama-2010-strikes/#Ob166,,217
Ob167,06/12/10,Khushali,North Waziristan,3,5,0,2,0,0,3,3,http://www.thebureauinvestigates.com/2011/08/10/obama-2010-strikes/#Ob167,,218
Ob168,06/12/10,Kushali,North Waziristan,2,4,0,0,0,0,0,0,http://www.thebureauinvestigates.com/2011/08/10/obama-2010-strikes/#Ob168,,219
Ob169,10/12/10,Khadar Khel,North Waziristan,4,4,0,0,0,0,2,2,http://www.thebureauinvestigates.com/2011/08/10/obama-2010-strikes/#Ob169,,220
Ob170,14/12/2010,Spalaga,North Waziristan,3,4,0,4,0,0,0,0,http://www.thebureauinvestigates.com/2011/08/10/obama-2010-strikes/#Ob170,,221
Ob171,16/12/2010,Tirah Valley,Khyber Agency,7,7,0,0,0,0,0,0,http://www.thebureauinvestigates.com/2011/08/10/obama-2010-strikes/#Ob171,,222
Ob172,17/12/2010,Sandana,Khyber Agency,7,15,0,0,0,0,7,11,http://www.thebureauinvestigates.com/2011/08/10/obama-2010-strikes/#Ob172,,223
Ob173,17/12/2010,Nakai,Khyber Agency,11,15,0,0,0,0,2,2,http://www.thebureauinvestigates.com/2011/08/10/obama-2010-strikes/#Ob173,,224
Ob174,17/12/2010,Speen Drang,Khyber Agency,32,32,2,2,0,0,0,0,http://www.thebureauinvestigates.com/2011/08/10/obama-2010-strikes/#Ob174,,225
Ob175,27/12/2010,Shera Tala,North Waziristan,18,22,0,0,0,0,0,0,http://www.thebureauinvestigates.com/2011/08/10/obama-2010-strikes/#Ob175,,226
Ob176,27/12/2010,Machi Khel,North Waziristan,4,4,0,0,0,0,0,0,http://www.thebureauinvestigates.com/2011/08/10/obama-2010-strikes/#Ob176,,227
Ob177,28/12/2010,Ghulam Khan,North Waziristan,5,7,0,0,0,0,2,2,http://www.thebureauinvestigates.com/2011/08/10/obama-2010-strikes/#Ob177,,228
Ob178,28/12/2010,Ghulam Khan,North Waziristan,5,12,2,4,0,0,3,3,http://www.thebureauinvestigates.com/2011/08/10/obama-2010-strikes/#Ob178,,229
Ob179,28/12/2010,Ghulam Khan,North Waziristan,9,10,0,0,0,0,6,6,http://www.thebureauinvestigates.com/2011/08/10/obama-2010-strikes/#Ob179,,230
Ob180,31/12/2010,Ghulam Khan,North Waziristan,4,8,0,0,0,0,0,0,http://www.thebureauinvestigates.com/2011/08/10/obama-2010-strikes/#Ob180,,231
Ob181,01/01/11,Mandi Khel,North Waziristan,8,10,0,0,0,0,0,0,http://www.thebureauinvestigates.com/2011/08/10/obama-2011-strikes/#Ob181,http://www.thebureauinvestigates.com/2011/08/10/obama-2011-strikes/#,232
Ob182,01/01/11,Mandi Khel,North Waziristan,4,6,0,0,0,0,0,0,http://www.thebureauinvestigates.com/2011/08/10/obama-2011-strikes/#Ob182,,233
Ob183,01/01/11,Datta Khel,North Waziristan,4,5,0,0,0,0,0,0,http://www.thebureauinvestigates.com/2011/08/10/obama-2011-strikes/#Ob183,,234
Ob184,01/01/11,Boya,North Waziristan,4,4,0,0,0,0,4,4,http://www.thebureauinvestigates.com/2011/08/10/obama-2011-strikes/#Ob184,,235
Ob185,07/01/11,Ghar Laley,North Waziristan,1,6,0,0,0,0,0,0,http://www.thebureauinvestigates.com/2011/08/10/obama-2011-strikes/#Ob185,,236
Ob186,12/01/11,Haider Khel,North Waziristan,3,6,0,0,0,0,2,15,http://www.thebureauinvestigates.com/2011/08/10/obama-2011-strikes/#Ob186,,237
Ob187,18/01/2011,"Assar Madd Khel, Datta Khel",North Waziristan,3,7,0,0,0,0,3,3,http://www.thebureauinvestigates.com/2011/08/10/obama-2011-strikes/#Ob187,,238
Ob188,23/01/2011,Doga Mada Khel,North Waziristan,2,5,0,0,0,0,0,0,http://www.thebureauinvestigates.com/2011/08/10/obama-2011-strikes/#Ob188,,239
Ob189,23/01/2011,Doga Mada Khel,North Waziristan,2,3,0,0,0,0,0,0,http://www.thebureauinvestigates.com/2011/08/10/obama-2011-strikes/#Ob189,,240
Ob190,23/01/2011,Razmak,North Waziristan,4,6,0,0,0,0,3,3,http://www.thebureauinvestigates.com/2011/08/10/obama-2011-strikes/#Ob190,,241
Ob191,20/02/2011,"Kazha Punga area, Tehsil Birmal",South Waziristan,6,8,0,0,0,0,2,2,http://www.thebureauinvestigates.com/2011/08/10/obama-2011-strikes/#Ob191,,242
Ob192,21/02/2011,Malik Jashdar,North Waziristan,7,14,0,11,0,0,10,10,http://www.thebureauinvestigates.com/2011/08/10/obama-2011-strikes/#Ob192,,243
Ob193,24/02/2011,Mohammad Khel,North Waziristan,4,7,0,0,0,0,3,2,http://www.thebureauinvestigates.com/2011/08/10/obama-2011-strikes/#Ob193,,244
Ob194,08/03/11,Landidog,South Waziristan,2,5,0,5,0,0,2,2,http://www.thebureauinvestigates.com/2011/08/10/obama-2011-strikes/#Ob194,,245
Ob195,09/03/11,Datta Khel,North Waziristan,5,5,0,0,0,0,2,3,http://www.thebureauinvestigates.com/2011/08/10/obama-2011-strikes/#Ob195,,246
Ob196,11/03/11,Khesoor,North Waziristan,4,12,5,5,0,0,0,0,http://www.thebureauinvestigates.com/2011/08/10/obama-2011-strikes/#Ob196,,247
Ob197,11/03/11,Ghoroski,North Waziristan,4,4,0,0,0,0,0,0,http://www.thebureauinvestigates.com/2011/08/10/obama-2011-strikes/#Ob197,,248
Ob198,13/03/2011,Azam Warsak,South Waziristan,0,4,0,0,0,0,0,5,http://www.thebureauinvestigates.com/2011/08/10/obama-2011-strikes/#Ob198,,249
Ob199,13/03/2011,"Ishar Morr area, Qutab Khel, Miranshah",North Waziristan,4,7,0,0,0,0,5,5,http://www.thebureauinvestigates.com/2011/08/10/obama-2011-strikes/#Ob199,,250
Ob200,14/03/2011,Malik Jashdar,North Waziristan,3,6,0,0,0,0,0,0,http://www.thebureauinvestigates.com/2011/08/10/obama-2011-strikes/#Ob200,,251
Ob201,16/03/2011,Datta Khel,North Waziristan,3,5,0,0,0,0,0,0,http://www.thebureauinvestigates.com/2011/08/10/obama-2011-strikes/#Ob201,,252
Ob202,17/03/2011,Datta Khel,North Waziristan,26,42,19,41,0,1,9,14,http://www.thebureauinvestigates.com/2011/08/10/obama-2011-strikes/#Ob202,,253
Ob203,13/04/2011,Angor Adda,South Waziristan,4,7,0,7,0,0,6,10,http://www.thebureauinvestigates.com/2011/08/10/obama-2011-strikes/#Ob203,,254
Ob204,22/04/2011,Spinwan,North Waziristan,20,26,5,9,3,5,5,10,http://www.thebureauinvestigates.com/2011/08/10/obama-2011-strikes/#Ob204,,255
Ob205,06/05/11,Dwa Tooe,North Waziristan,7,18,6,6,0,0,4,4,http://www.thebureauinvestigates.com/2011/08/10/obama-2011-strikes/#Ob205,,256
Ob206,10/05/11,Angor Adda,South Waziristan,3,5,0,0,0,0,4,4,http://www.thebureauinvestigates.com/2011/08/10/obama-2011-strikes/#Ob206,,257
Ob207,12/05/11,Datta Khel,North Waziristan,5,8,0,0,0,0,1,1,http://www.thebureauinvestigates.com/2011/08/10/obama-2011-strikes/#Ob207,,258
Ob208,13/05/2011,Doga Mada Khel,North Waziristan,3,5,0,0,0,0,0,0,http://www.thebureauinvestigates.com/2011/08/10/obama-2011-strikes/#Ob208,,259
Ob209,16/05/2011,"Khushali Village, Mir Ail",North Waziristan,4,10,0,0,0,0,2,4,http://www.thebureauinvestigates.com/2011/08/10/obama-2011-strikes/#Ob209,,260
Ob210,16/05/2011,"Khisoor Village, Mir Ali",North Waziristan,3,6,0,0,0,0,0,0,http://www.thebureauinvestigates.com/2011/08/10/obama-2011-strikes/#Ob210,,261
Ob211,20/05/2011,Tappi,North Waziristan,4,6,0,0,0,0,0,0,http://www.thebureauinvestigates.com/2011/08/10/obama-2011-strikes/#Ob211,,262
Ob212,23/05/2011,Mir Ali,North Waziristan,4,7,0,0,0,0,2,2,http://www.thebureauinvestigates.com/2011/08/10/obama-2011-strikes/#Ob212,,263
Ob213,03/06/11,Ghwa Khwa,South Waziristan,5,12,0,0,0,0,1,3,http://www.thebureauinvestigates.com/2011/08/10/obama-2011-strikes/#Ob213,,264
Ob214,06/06/11,"Tigger, Toji Khel Wazir",South Waziristan,7,9,0,0,0,0,2,2,http://www.thebureauinvestigates.com/2011/08/10/obama-2011-strikes/#Ob214,,265
Ob215,06/06/11,Wacha Dana,South Waziristan,8,10,0,7,0,0,3,3,http://www.thebureauinvestigates.com/2011/08/10/obama-2011-strikes/#Ob215,,266
Ob216,06/06/11,Darnashtra,South Waziristan,3,5,0,0,0,0,0,0,http://www.thebureauinvestigates.com/2011/08/10/obama-2011-strikes/#Ob216,,267
Ob217,08/06/11,Zoynari,South Waziristan,18,23,0,0,0,0,6,6,http://www.thebureauinvestigates.com/2011/08/10/obama-2011-strikes/#Ob217,,268
Ob218,08/06/11,Shawal,South Waziristan,4,4,0,0,0,0,0,0,http://www.thebureauinvestigates.com/2011/08/10/obama-2011-strikes/#Ob218,,269
Ob219,15/06/2011,Wana,South Waziristan,2,10,0,0,0,0,2,2,http://www.thebureauinvestigates.com/2011/08/10/obama-2011-strikes/#Ob219,,270
Ob220,15/06/2011,Karez,South Waziristan,0,0,0,0,0,0,0,0,http://www.thebureauinvestigates.com/2011/08/10/obama-2011-strikes/#Ob220,,271
Ob221,15/06/2011,Mir Ali,North Waziristan,5,6,5,6,0,0,0,0,http://www.thebureauinvestigates.com/2011/08/10/obama-2011-strikes/#Ob221,,272
Ob222,20/06/2011,Khardand,Kurram Agency,5,7,2,7,0,0,0,3,http://www.thebureauinvestigates.com/2011/08/10/obama-2011-strikes/#Ob222,,273
Ob223,20/06/2011,Zarakai,Kurram Agency,2,5,0,0,0,0,0,0,http://www.thebureauinvestigates.com/2011/08/10/obama-2011-strikes/#Ob223,,274
Ob224,27/06/2011,Shawal,South Waziristan,6,12,0,0,0,0,0,0,http://www.thebureauinvestigates.com/2011/08/10/obama-2011-strikes/#Ob224,,275
Ob225,27/06/2011,Shakai,South Waziristan,12,21,0,20,0,0,2,2,http://www.thebureauinvestigates.com/2011/08/10/obama-2011-strikes/#Ob225,,276
Ob226,05/07/11,Mir Ali,North Waziristan,4,6,0,3,0,2,5,5,http://www.thebureauinvestigates.com/2011/08/10/obama-2011-strikes/#Ob226,,277
Ob227,11/07/11,Gurwak,North Waziristan,4,12,0,0,0,0,2,2,http://www.thebureauinvestigates.com/2011/08/10/obama-2011-strikes/#Ob227,,278
Ob228,12/07/11,Gurwak,North Waziristan,12,25,0,0,0,0,0,0,http://www.thebureauinvestigates.com/2011/08/10/obama-2011-strikes/#Ob228,,279
Ob229,12/07/11,Barmal,South Waziristan,5,13,0,0,0,0,3,5,http://www.thebureauinvestigates.com/2011/08/10/obama-2011-strikes/#Ob229,,280
Ob230,12/07/11,Datta Khel,North Waziristan,13,15,0,4,0,0,0,0,http://www.thebureauinvestigates.com/2011/08/10/obama-2011-strikes/#Ob230,,281
Ob231,12/07/11,Datta Khel,North Waziristan,1,9,1,1,0,0,3,5,http://www.thebureauinvestigates.com/2011/08/10/obama-2011-strikes/#Ob231,,282
Ob232,20/07/2011,Mir Ali,North Waziristan,4,4,0,0,0,0,2,2,http://www.thebureauinvestigates.com/2011/08/10/obama-2011-strikes/#Ob232,,283
Ob233,01/08/11,Azam Warsak,South Waziristan,3,6,0,6,0,0,2,7,http://www.thebureauinvestigates.com/2011/08/10/obama-2011-strikes/#Ob233,,284
Ob234,02/08/11,Qutab Khel,North Waziristan,3,4,0,0,0,0,0,0,http://www.thebureauinvestigates.com/2011/08/10/obama-2011-strikes/#Ob234,,285
Ob235,10/08/11,Miram Shah,North Waziristan,8,25,0,0,0,0,3,8,http://www.thebureauinvestigates.com/2011/08/10/obama-2011-strikes/#Ob235,,286
Ob236,16/08/2011,Miram Shah,North Waziristan,2,7,3,4,1,1,2,2,http://www.thebureauinvestigates.com/2011/08/10/obama-2011-strikes/#Ob236,,287
Ob237,19/08/2011,Shin Warsak,South Waziristan,3,4,0,0,0,0,2,2,http://www.thebureauinvestigates.com/2011/08/10/obama-2011-strikes/#Ob237,,288
Ob238,22/08/2011,"Mir Koon Khel, Mir Ali",North Waziristan,3,7,0,4,0,0,3,3,http://www.thebureauinvestigates.com/2011/08/10/obama-2011-strikes/#Ob238,,289
Ob239,11/09/11,Hisokhel,North Waziristan,1,5,0,0,0,0,1,3,http://www.thebureauinvestigates.com/2011/08/10/obama-2011-strikes/#Ob239,,290
Ob240,23/09/2011,Khushali,North Waziristan,3,8,0,0,0,0,3,4,http://www.thebureauinvestigates.com/2011/08/10/obama-2011-strikes/#Ob240,,291
Ob241,27/09/2011,Azam Warsak,South Waziristan,0,4,0,0,0,0,0,2,http://www.thebureauinvestigates.com/2011/08/10/obama-2011-strikes/#Ob241,,292
Ob242,30/09/2011,Baghar,South Waziristan,3,4,0,0,0,0,1,5,http://www.thebureauinvestigates.com/2011/08/10/obama-2011-strikes/#Ob242,,293
Ob243,13/10/2011,Danda Darpakhel,North Waziristan,1,6,0,0,0,0,4,4,http://www.thebureauinvestigates.com/2011/08/10/obama-2011-strikes/#Ob243,,294
Ob244,13/10/2011,"Chashma Nala, Birmal",South Waziristan,3,6,0,0,0,0,3,3,http://www.thebureauinvestigates.com/2011/08/10/obama-2011-strikes/#Ob244,,295
Ob245,14/10/2011,Danda Darpakhel,North Waziristan,3,6,0,0,0,0,0,0,http://www.thebureauinvestigates.com/2011/08/10/obama-2011-strikes/#Ob245,,296
Ob246,15/10/2011,Angor Adda,South Waziristan,3,6,0,0,0,0,3,7,http://www.thebureauinvestigates.com/2011/08/10/obama-2011-strikes/#Ob246,,297
Ob247,26/10/2011,"Shana Wana, Birmal",South Waziristan,13,22,0,0,0,0,6,6,http://www.thebureauinvestigates.com/2011/08/10/obama-2011-strikes/#Ob247,,298
Ob248,27/10/2011,Azam Warsak,South Waziristan,4,6,0,0,0,0,3,4,http://www.thebureauinvestigates.com/2011/08/10/obama-2011-strikes/#Ob248,,299
Ob249,27/10/2011,Hisokhel,North Waziristan,4,6,0,0,0,0,3,3,http://www.thebureauinvestigates.com/2011/08/10/obama-2011-strikes/#Ob249,,300
Ob250,30/10/2011,"Khar Khama, Datta Khel",North Waziristan,4,6,4,4,0,0,2,3,http://www.thebureauinvestigates.com/2011/08/10/obama-2011-strikes/#Ob250,,301
Ob251,31/10/2011,Norak,North Waziristan,2,4,2,2,2,2,3,3,http://www.thebureauinvestigates.com/2011/08/10/obama-2011-strikes/#Ob251,,302
Ob252,03/11/11,"Sarai Darpa Khel, Miranshah",North Waziristan,2,3,0,0,0,0,3,3,http://www.thebureauinvestigates.com/2011/08/10/obama-2011-strikes/#Ob252,,303
Ob253,15/11/2011,Miram Shah,North Waziristan,3,7,0,0,0,0,2,4,http://www.thebureauinvestigates.com/2011/08/10/obama-2011-strikes/#Ob253,,304
Ob254,16/11/2011,Babar Ghar,South Waziristan,4,22,0,0,0,0,6,12,http://www.thebureauinvestigates.com/2011/08/10/obama-2011-strikes/#Ob254,,305
Ob255,17/11/2011,Shawal,North Waziristan,7,9,0,0,0,0,3,5,http://www.thebureauinvestigates.com/2011/08/10/obama-2011-strikes/#Ob255,,306
Ob256,10/01/12,Miram Shah,North Waziristan,1,4,0,0,0,0,2,2,http://www.thebureauinvestigates.com/2012/01/11/obama-2012-strikes/#Ob256,http://www.thebureauinvestigates.com/2012/01/11/obama-2012-strikes/#,307
Ob257,12/01/12,Datta Khel,North Waziristan,5,9,0,0,0,0,2,3,http://www.thebureauinvestigates.com/2012/01/11/obama-2012-strikes/#Ob257,,308
Ob258,23/01/2012,Deegan,North Waziristan,2,5,0,0,0,0,1,3,http://www.thebureauinvestigates.com/2012/01/11/obama-2012-strikes/#Ob258,,309
Ob259,23/01/2012,"Char Khel, Datta Khel",North Waziristan,0,2,0,0,0,0,0,0,http://www.thebureauinvestigates.com/2012/01/11/obama-2012-strikes/#Ob259,,310
Ob260,08/02/12,Miranshah,North Waziristan,9,10,0,0,0,0,2,12,http://www.thebureauinvestigates.com/2012/01/11/obama-2012-strikes/#Ob260,,311
Ob261,09/02/12,Miranshah,North Waziristan,3,8,0,3,0,1,3,3,http://www.thebureauinvestigates.com/2012/01/11/obama-2012-strikes/#Ob261,,312
Ob262,16/02/2012,Miranshah,North Waziristan,5,6,0,0,0,0,4,7,http://www.thebureauinvestigates.com/2012/01/11/obama-2012-strikes/#Ob262,,313
Ob263,16/02/2012,"Jalar Zakar Khel, Mir Ali",North Waziristan,8,15,0,0,0,0,3,3,http://www.thebureauinvestigates.com/2012/01/11/obama-2012-strikes/#Ob263,,314
Ob264,09/03/12,Shaktoi Mandao,South Waziristan,4,15,0,0,0,0,0,3,http://www.thebureauinvestigates.com/2012/01/11/obama-2012-strikes/#Ob264,,315
Ob265,09/03/12,Nishpa,South Waziristan,6,6,0,0,0,0,0,0,http://www.thebureauinvestigates.com/2012/01/11/obama-2012-strikes/#Ob265,,316
Ob266,13/03/2012,"Wagdalai, Tehsil Birmal",South Waziristan,6,8,0,0,0,0,2,4,http://www.thebureauinvestigates.com/2012/01/11/obama-2012-strikes/#Ob266,,317
Ob267,13/03/2012,Shawa,North/South Waziristan,6,7,0,0,0,0,3,3,http://www.thebureauinvestigates.com/2012/01/11/obama-2012-strikes/#Ob267,,318
Ob268,30/03/2012,"Sarai Bazaar, Miranshah",North Waziristan,3,4,0,0,0,0,3,3,http://www.thebureauinvestigates.com/2012/01/11/obama-2012-strikes/#Ob268,,319
Ob269,29/04/2012,Miranshah Bazaar,North Waziristan,3,6,0,0,0,0,1,3,http://www.thebureauinvestigates.com/2012/01/11/obama-2012-strikes/#Ob269,,320
Ob270,05/05/12,"Guldar Kot, Dre Nishtar area",North Waziristan,8,10,0,0,0,0,1,3,http://www.thebureauinvestigates.com/2012/01/11/obama-2012-strikes/#Ob270,,321
Ob271,23/05/2012,Datta Khel Kalai,North Waziristan,1,5,0,0,0,0,1,2,http://www.thebureauinvestigates.com/2012/01/11/obama-2012-strikes/#Ob271,,322
Ob272,24/05/2012,Khassokhel near Mir Ali,North Waziristan,5,12,0,8,0,0,3,4,http://www.thebureauinvestigates.com/2012/01/11/obama-2012-strikes/#Ob272,,323
Ob273,26/05/2012,Miranshah,North Waziristan,1,4,0,0,0,0,1,2,http://www.thebureauinvestigates.com/2012/01/11/obama-2012-strikes/#Ob273,,324
Ob274,28/05/2012,Khassokhel near Mir Ali,North Waziristan,4,10,0,0,0,0,4,4,http://www.thebureauinvestigates.com/2012/01/11/obama-2012-strikes/#Ob274,,325
Ob275,28/05/2012,"Degan, Datta Khel",North Waziristan,2,5,0,0,0,0,0,0,http://www.thebureauinvestigates.com/2012/01/11/obama-2012-strikes/#Ob275,,326
Ob276,02/06/12,"Khawashi Khel, near Wana",South Waziristan,2,4,0,0,0,0,0,0,http://www.thebureauinvestigates.com/2012/01/11/obama-2012-strikes/#Ob276,,327
Ob277,03/06/12,"Landai Warai, Tehsil Birmal",South Waziristan,0,10,0,0,0,0,4,10,http://www.thebureauinvestigates.com/2012/01/11/obama-2012-strikes/#Ob277,,328
Ob278,04/06/12,"Khushali, Tehsil Mir Ali",North Waziristan,14,18,0,6,0,0,3,6,http://www.thebureauinvestigates.com/2012/01/11/obama-2012-strikes/#Ob278,,329
Ob279,13/06/2012,"Isha, near Miranshah",North Waziristan,2,4,0,0,0,0,0,0,http://www.thebureauinvestigates.com/2012/01/11/obama-2012-strikes/#Ob279,,330
Ob280,14/06/2012,Miranshah,North Waziristan,1,4,0,0,0,0,2,3,http://www.thebureauinvestigates.com/2012/01/11/obama-2012-strikes/#Ob280,,331
Ob281,26/06/2012,Shawal,North Waziristan,4,7,0,0,0,0,2,7,http://www.thebureauinvestigates.com/2012/01/11/obama-2012-strikes/#Ob281,,332
Ob282,01/07/12,Dre Nishter/Shawal,North Waziristan,6,9,0,0,0,0,2,3,http://www.thebureauinvestigates.com/2012/01/11/obama-2012-strikes/#Ob282,,333
Ob283,06/07/12,Maizer,North Waziristan,13,24,3,18,0,0,2,22,http://www.thebureauinvestigates.com/2012/01/11/obama-2012-strikes/#Ob283,,334
Ob284,23/07/2012,Dre Nishter/Shawal,North Waziristan,11,14,6,14,0,0,2,11,http://www.thebureauinvestigates.com/2012/01/11/obama-2012-strikes/#Ob284,,335
Ob285,29/07/2012,Kushhali Turkhel,North Waziristan,4,7,0,3,0,0,4,4,http://www.thebureauinvestigates.com/2012/01/11/obama-2012-strikes/#Ob285,,336
Ob286,18/08/2012,"Mammon Narai, Shuweda",North Waziristan,5,12,1,1,0,0,2,9,http://www.thebureauinvestigates.com/2012/01/11/obama-2012-strikes/#Ob286,,337
Ob287,19/08/2012,"Mana, Shawal",North Waziristan,4,7,0,0,0,0,2,3,http://www.thebureauinvestigates.com/2012/01/11/obama-2012-strikes/#Ob287,,338
Ob288,19/08/2012,"Mana, Shawal",North Waziristan,2,3,0,0,0,0,2,2,http://www.thebureauinvestigates.com/2012/01/11/obama-2012-strikes/#Ob288,,339
Ob289,21/08/2012,"Shnakhura, Datta Khel",North Waziristan,4,25,1,3,1,1,2,2,http://www.thebureauinvestigates.com/2012/01/11/obama-2012-strikes/#Ob289,,340
Ob290,24/08/2012,"Makai/Maki Ghar, Shawal",North Waziristan,13,22,0,0,0,0,4,14,http://www.thebureauinvestigates.com/2012/01/11/obama-2012-strikes/#Ob290,,341
Ob291,24/08/2012,"Dara, Shawal",North Waziristan,0,0,0,0,0,0,0,0,http://www.thebureauinvestigates.com/2012/01/11/obama-2012-strikes/#Ob291,,342
Ob292,24/08/2012,"Dre Nishter, Shawal",North Waziristan,0,0,0,0,0,0,0,0,http://www.thebureauinvestigates.com/2012/01/11/obama-2012-strikes/#Ob292,,343
Ob293,01/09/12,Degan,North Waziristan,4,6,0,0,0,0,2,3,http://www.thebureauinvestigates.com/2012/01/11/obama-2012-strikes/#Ob293,,344
Ob294,21/09/2012,Mohammed Khel/Datta Khel,North Waziristan,3,4,0,0,0,0,2,3,http://www.thebureauinvestigates.com/2012/01/11/obama-2012-strikes/#Ob294,,345
Ob295,24/09/2012,"Mosaki - Inzar Abad, Tehsil Mir Ali",North Waziristan,3,8,0,0,0,0,2,2,http://www.thebureauinvestigates.com/2012/01/11/obama-2012-strikes/#Ob295,,346
Ob296,01/10/12,Khadar Khel,North Waziristan,2,4,0,0,0,0,0,0,http://www.thebureauinvestigates.com/2012/01/11/obama-2012-strikes/#Ob296,,347
Ob297,10/10/12,"Hurmaz, Teshil Mir Ali",North Waziristan,3,6,0,0,0,0,3,3,http://www.thebureauinvestigates.com/2012/01/11/obama-2012-strikes/#Ob297,,348
Ob298,11/10/12,Buland Khel,Orakzai Agency,16,26,0,2,0,0,5,15,http://www.thebureauinvestigates.com/2012/01/11/obama-2012-strikes/#Ob298,,349
Ob299,24/10/2012,Village Ghundi Killi Daur Tappi area of Tehsil Miranshah,North Waziristan,1,1,1,1,0,0,6,9,http://www.thebureauinvestigates.com/2012/01/11/obama-2012-strikes/#Ob299,,350
Ob300,29/11/2012,Shin Warsak,South Waziristan,1,4,0,0,0,0,3,4,http://www.thebureauinvestigates.com/2012/01/11/obama-2012-strikes/#Ob300,,351
Ob301,01/12/12,Shin Warsak,South Waziristan,1,4,0,0,0,0,3,3,http://www.thebureauinvestigates.com/2012/01/11/obama-2012-strikes/#Ob301,,352
Ob302,06/12/12,"Noorak Mubarak Shahi area, Tehsil Mir Ali",North Waziristan,2,11,1,1,0,0,1,6,http://www.thebureauinvestigates.com/2012/01/11/obama-2012-strikes/#Ob302,,353
Ob303,09/12/12,"Tabbi Tor Khel, Tehisl Ghulam Khan",North Waziristan,2,4,0,3,0,0,0,0,http://www.thebureauinvestigates.com/2012/01/11/obama-2012-strikes/#Ob303,,354
Ob304,21/12/2012,"Hassokhel, near Mir Ali",North Waziristan,3,6,0,0,0,0,2,2,http://www.thebureauinvestigates.com/2012/01/11/obama-2012-strikes/#Ob304,,355
Ob305,29/12/2012,"Gurbaz, Shawal",North Waziristan,4,5,0,0,0,0,2,2,http://www.thebureauinvestigates.com/2012/01/11/obama-2012-strikes/#Ob305,,356
Ob306,02/01/13,"Lajhmarai area, Tehsil Birmal",South Waziristan,6,11,0,0,0,0,0,0,http://www.thebureauinvestigates.com/2013/01/03/obama-2013-pakistan-drone-strikes/#Ob306,http://www.thebureauinvestigates.com/2013/01/03/obama-2013-pakistan-drone-strikes/#,357
Ob307,03/01/13,"Ghundi Killi, Tappi area, Tehsil Miranshah",North Waziristan,3,6,0,0,0,0,1,1,http://www.thebureauinvestigates.com/2013/01/03/obama-2013-pakistan-drone-strikes/#Ob307,,358
Ob308,06/01/13,"Smal Narai area, Tehsil Ladha",South Waziristan,8,18,0,0,0,0,3,7,http://www.thebureauinvestigates.com/2013/01/03/obama-2013-pakistan-drone-strikes/#Ob308,,359
Ob309,08/01/13,"Haiderkhel, near Mir Ali",North Waziristan,4,9,0,2,0,1,1,4,http://www.thebureauinvestigates.com/2013/01/03/obama-2013-pakistan-drone-strikes/#Ob309,,360
Ob310,08/01/13,"Malangan Hassokhel, Tehsil Mir Ali",North Waziristan,0,9,0,0,0,0,1,4,http://www.thebureauinvestigates.com/2013/01/03/obama-2013-pakistan-drone-strikes/#Ob310,,361
Ob311,10/01/13,"Hassokhel, near Mir Ali",North Waziristan,3,6,0,0,0,0,0,0,http://www.thebureauinvestigates.com/2013/01/03/obama-2013-pakistan-drone-strikes/#Ob311,,362
Ob312,06/02/13,Spinwam,North Waziristan,3,5,0,2,0,0,1,1,http://www.thebureauinvestigates.com/2013/01/03/obama-2013-pakistan-drone-strikes/#Ob312,,363
Ob313,08/02/13,Babar Ghar,South Waziristan,6,9,0,0,0,0,2,6,http://www.thebureauinvestigates.com/2013/01/03/obama-2013-pakistan-drone-strikes/#Ob313,,364
Ob314,10/03/13,Datta Khel,North Waziristan,1,3,0,0,0,0,1,1,http://www.thebureauinvestigates.com/2013/01/03/obama-2013-pakistan-drone-strikes/#Ob314,,365
Ob315,22/03/2013,"New Adda, Tehsil Datta Khel",North Waziristan,1,4,0,0,0,0,1,1,http://www.thebureauinvestigates.com/2013/01/03/obama-2013-pakistan-drone-strikes/#Ob315,,366
Ob316,14/04/2013,Datta Khel,North Waziristan,4,6,0,0,0,0,2,2,http://www.thebureauinvestigates.com/2013/01/03/obama-2013-pakistan-drone-strikes/#Ob316,,367
Ob317,17/04/2013,"Pobar, Tehsil Ladha",South Waziristan,4,6,0,0,0,0,2,7,http://www.thebureauinvestigates.com/2013/01/03/obama-2013-pakistan-drone-strikes/#Ob317,,368
Ob318,29/05/2013,"Qazi Kot, Tehsil Miranshah",North Waziristan,3,7,0,0,0,0,1,4,http://www.thebureauinvestigates.com/2013/01/03/obama-2013-pakistan-drone-strikes/#Ob318,,369
Ob319,07/06/13,"Shui Khel Mandi, Tehsil Shawal",North Waziristan,7,11,0,0,0,0,3,4,http://www.thebureauinvestigates.com/2013/01/03/obama-2013-pakistan-drone-strikes/#Ob319,,370
Ob320,03/07/13,"Shui Khel Mandi, Tehsil Shawal",North Waziristan,16,18,0,0,0,0,5,5,http://www.thebureauinvestigates.com/2013/01/03/obama-2013-pakistan-drone-strikes/#Ob320,,371
Ob321,13/07/2013,Khray Chila Mossaki area of Mir Ali,North Waziristan,2,3,0,0,0,0,0,0,http://www.thebureauinvestigates.com/2013/01/03/obama-2013-pakistan-drone-strikes/#Ob321,,372
Ob322,28/07/2013,"Zoi Nair, Tehsil Shawal",North Waziristan,5,8,0,0,0,0,2,4,http://www.thebureauinvestigates.com/2013/01/03/obama-2013-pakistan-drone-strikes/#Ob322,,373
Ob323,31/08/2013,"Mossaki, Tehsil Mir Ali",North Waziristan,3,4,0,0,0,0,1,3,http://www.thebureauinvestigates.com/2013/01/03/obama-2013-pakistan-drone-strikes/#Ob323,,374
Ob324,06/09/13,"Tabi, Tehsil Ghulam Khan",North Waziristan,5,7,0,0,0,0,3,7,http://www.thebureauinvestigates.com/2013/01/03/obama-2013-pakistan-drone-strikes/#Ob324,,375
Ob325,22/09/2013,"ShawalPalgai area, Thesil Makin",North/South Waziristan,6,7,0,0,0,0,2,4,http://www.thebureauinvestigates.com/2013/01/03/obama-2013-pakistan-drone-strikes/#Ob325,,376
Ob326,29/09/2013,Darga Mandi,North Waziristan,3,6,0,0,0,0,1,3,http://www.thebureauinvestigates.com/2013/01/03/obama-2013-pakistan-drone-strikes/#Ob326,,377
Ob327,30/09/2013,"Land Char Khel, Tehsil Datta Khel",North Waziristan,1,4,0,0,0,0,2,4,http://www.thebureauinvestigates.com/2013/01/03/obama-2013-pakistan-drone-strikes/#Ob327,,378
Ob328,31/10/2013,Miranshah,North Waziristan,0,5,0,0,0,0,3,3,http://www.thebureauinvestigates.com/2013/01/03/obama-2013-pakistan-drone-strikes/#Ob328,,379
Ob329,01/11/13,Dandi Darpakhel,North Waziristan,4,7,0,0,0,0,2,2,http://www.thebureauinvestigates.com/2013/01/03/obama-2013-pakistan-drone-strikes/#Ob329,,380
Ob330,21/11/2013,"Tal, Hangu District",Khyber Pakhtunkhwa province,6,9,0,0,0,0,1,9,http://www.thebureauinvestigates.com/2013/01/03/obama-2013-pakistan-drone-strikes/#Ob330,,381
Ob331,29/11/2013,Miranshah,North Waziristan,2,3,0,0,0,0,1,2,http://www.thebureauinvestigates.com/2013/01/03/obama-2013-pakistan-drone-strikes/#Ob331,,382
Ob332,25/12/2013,"Qutab Khel, Miranshah",North Waziristan,3,4,0,0,0,0,1,1,http://www.thebureauinvestigates.com/2013/01/03/obama-2013-pakistan-drone-strikes/#Ob332,,383
Ob333,11/06/14,Tabi Tolkhel or Darga Mandi,North Waziristan,4,6,0,0,0,0,0,0,http://www.thebureauinvestigates.com/2014/06/11/obama-2014-pakistan-drone-strikes/#Ob333,http://www.thebureauinvestigates.com/2014/06/11/obama-2014-pakistan-drone-strikes/#,384
Ob334,12/06/14,"Darga Mandi, Dande Darpakhel or Ghulam Khan",North Waziristan,6,10,0,0,0,0,4,4,http://www.thebureauinvestigates.com/2014/06/11/obama-2014-pakistan-drone-strikes/#Ob334,,385
Ob335,18/06/2014,"Darga Mandi, Dande Darpakhel or Miranshah",North Waziristan,4,8,0,0,0,0,2,4,http://www.thebureauinvestigates.com/2014/06/11/obama-2014-pakistan-drone-strikes/#Ob335,,386
Ob336,10/07/14,"Madakhel village, Datta Khel Tehsil",North Waziristan,6,7,0,0,0,0,2,3,http://www.thebureauinvestigates.com/2014/06/11/obama-2014-pakistan-drone-strikes/#Ob336,,387
Ob337,16/07/2014,"Saidgai, Datta Khel tehsil",North Waziristan,15,24,0,0,0,0,4,6,http://www.thebureauinvestigates.com/2014/06/11/obama-2014-pakistan-drone-strikes/#Ob337,,388
Ob338,19/07/2014,"Doga Madakhel, Datta Khel tehsil",North Waziristan,11,15,0,0,0,0,0,0,http://www.thebureauinvestigates.com/2014/06/11/obama-2014-pakistan-drone-strikes/#Ob338,,389
Ob339,05/08/14,"Lawara Mandi village, Datta Khel tehsil",North Waziristan,5,7,0,0,0,0,2,3,http://www.thebureauinvestigates.com/2014/06/11/obama-2014-pakistan-drone-strikes/#Ob339,,390
Ob340,24/09/2014,"Alwara Mandi village, Datta Khel tehsil",North Waziristan,5,11,0,0,0,0,0,0,http://www.thebureauinvestigates.com/2014/06/11/obama-2014-pakistan-drone-strikes/#Ob340,,391
Ob341,28/09/2014,Wana,South Waziristan,2,4,0,0,0,0,1,4,http://www.thebureauinvestigates.com/2014/06/11/obama-2014-pakistan-drone-strikes/#Ob341,,392
Ob342,05/10/14,"Kundhgar, Shawal",South Waziristan,4,5,0,0,0,0,2,3,http://www.thebureauinvestigates.com/2014/06/11/obama-2014-pakistan-drone-strikes/#Ob342,,393
Ob343,06/10/14,"Mangrotai, Shawal",South Waziristan,4,8,0,0,0,0,4,6,http://www.thebureauinvestigates.com/2014/06/11/obama-2014-pakistan-drone-strikes/#Ob343,,394
Ob344,07/10/14,"Kundhgar, Shawal",South Waziristan,4,7,0,0,0,0,5,11,http://www.thebureauinvestigates.com/2014/06/11/obama-2014-pakistan-drone-strikes/#Ob344,,395
Ob345,07/10/14,"Kundser, Datta Khel",North Waziristan,2,4,0,0,0,0,5,5,http://www.thebureauinvestigates.com/2014/06/11/obama-2014-pakistan-drone-strikes/#Ob345,,396
Ob346,08/10/14,"Loman, Datta Khel",North Waziristan,2,4,0,0,0,0,1,3,http://www.thebureauinvestigates.com/2014/06/11/obama-2014-pakistan-drone-strikes/#Ob346,,397
Ob347,09/10/14,Datta Khel,North Waziristan,3,4,0,0,0,0,0,0,http://www.thebureauinvestigates.com/2014/06/11/obama-2014-pakistan-drone-strikes/#Ob347,,398
Ob348,11/10/14,Tirah Valley,Khyber Agency,4,6,0,0,0,0,2,2,http://www.thebureauinvestigates.com/2014/06/11/obama-2014-pakistan-drone-strikes/#Ob348,,399
Ob349,11/10/14,"Marga, Shawal",North Waziristan,2,4,0,0,0,0,0,0,http://www.thebureauinvestigates.com/2014/06/11/obama-2014-pakistan-drone-strikes/#Ob349,,400
Ob350,30/10/2014,"Nargas village, Azam Warsak",South Waziristan,4,7,0,0,0,0,2,2,http://www.thebureauinvestigates.com/2014/06/11/obama-2014-pakistan-drone-strikes/#Ob350,,401
Ob351,11/11/14,"Dawa Toi, Datta Khel",North Waziristan,4,7,0,2,0,2,2,3,http://www.thebureauinvestigates.com/2014/06/11/obama-2014-pakistan-drone-strikes/#Ob351,,402
Ob352,20/11/2014,Datta Khel,North Waziristan,5,8,0,0,0,0,2,3,http://www.thebureauinvestigates.com/2014/06/11/obama-2014-pakistan-drone-strikes/#Ob352,,403
Ob353,26/11/2014,"Garga, Shawal",North Waziristan,4,9,0,0,0,0,2,3,http://www.thebureauinvestigates.com/2014/06/11/obama-2014-pakistan-drone-strikes/#Ob353,,404
Ob354,07/12/14,"Khar Tangi, Datta Khel",North Waziristan,4,6,0,0,0,0,2,2,http://www.thebureauinvestigates.com/2014/06/11/obama-2014-pakistan-drone-strikes/#Ob354,,405
Ob355,20/12/2014,Datta Khel,North Waziristan,4,6,0,0,0,0,0,0,http://www.thebureauinvestigates.com/2014/06/11/obama-2014-pakistan-drone-strikes/#Ob355,,406
Ob356,26/12/2014,"Kund/Kundghar village, Shawal",North Waziristan,4,5,0,0,0,0,0,0,http://www.thebureauinvestigates.com/2014/06/11/obama-2014-pakistan-drone-strikes/#Ob356,,407
Ob357,26/12/2014,"Kund/Kundghar village, Shawal",North Waziristan,3,4,0,0,0,0,0,0,http://www.thebureauinvestigates.com/2014/06/11/obama-2014-pakistan-drone-strikes/#Ob357,,408
Ob358,04/01/15,"Alwara Mandi, Datta Khel or Shawal",North Waziristan,6,10,0,0,0,0,0,0,http://www.thebureauinvestigates.com/2015/01/05/obama-2015-pakistan-drone-strikes/#Ob358,http://www.thebureauinvestigates.com/2015/01/05/obama-2015-pakistan-drone-strikes/#,409
Ob359,15/01/2015,Shawal,North Waziristan,5,7,2,2,0,0,0,0,http://www.thebureauinvestigates.com/2015/01/05/obama-2015-pakistan-drone-strikes/#Ob359,,410
Ob360,15/01/2015,Ladha district,South Waziristan,4,7,0,0,0,0,3,4,http://www.thebureauinvestigates.com/2015/01/05/obama-2015-pakistan-drone-strikes/#Ob360,,411
Ob361,19/01/2015,"Shahi Khel, Shawal",North Waziristan,5,7,0,0,0,0,4,6,http://www.thebureauinvestigates.com/2015/01/05/obama-2015-pakistan-drone-strikes/#Ob361,,412
Ob362,28/01/2015,Shawal,North Waziristan,6,7,0,0,0,0,2,4,http://www.thebureauinvestigates.com/2015/01/05/obama-2015-pakistan-drone-strikes/#Ob362,,413
Ob363,18/03/2015,Shabak,Kurram Agency,3,3,0,0,0,0,0,0,http://www.thebureauinvestigates.com/2015/01/05/obama-2015-pakistan-drone-strikes/#Ob363,,414
Ob364,12/04/15,Shawal,North Waziristan,4,4,0,0,0,0,2,2,http://www.thebureauinvestigates.com/2015/01/05/obama-2015-pakistan-drone-strikes/#Ob364,,415
Ob365,16/05/2015,"Wara Mandi, Shawal",North Waziristan,4,7,0,0,0,0,2,2,http://www.thebureauinvestigates.com/2015/01/05/obama-2015-pakistan-drone-strikes/#Ob365,,416
Ob366,18/05/2015,"Zoy Nari, Shawal",North Waziristan,3,6,0,0,0,0,2,3,http://www.thebureauinvestigates.com/2015/01/05/obama-2015-pakistan-drone-strikes/#Ob366,,417
Ob367,01/06/15,Shawal,North Waziristan,4,5,0,0,0,0,0,0,http://www.thebureauinvestigates.com/2015/01/05/obama-2015-pakistan-drone-strikes/#Ob367,,418
Ob368,06/06/15,Shawal or Datta Khel,North Waziristan,7,9,0,3,0,0,4,4,http://www.thebureauinvestigates.com/2015/01/05/obama-2015-pakistan-drone-strikes/#Ob368,,419
Ob369,06/08/15,"Alwara Mandi area, Datta Khel",North Waziristan,4,7,0,0,0,0,2,3,http://www.thebureauinvestigates.com/2015/01/05/obama-2015-pakistan-drone-strikes/#Ob369,,420
Ob370,01/09/15,"Karwanda village, Manzarkhel area, Dattakhel sub-division or Lawara Banga area of Shawal valley",North Waziristan,5,6,0,0,0,0,4,4,http://www.thebureauinvestigates.com/2015/01/05/obama-2015-pakistan-drone-strikes/#Ob370,,421
Ob371,09/01/16,"Mangrooti village, Shawal valley, Datta Khel tehsil",North Waziristan,5,5,0,0,0,0,2,2,https://www.thebureauinvestigates.com/2016/01/11/obama-2016-pakistan-drone-strikes/#Ob371,https://www.thebureauinvestigates.com/2016/01/11/obama-2016-pakistan-drone-strikes/#,422
Ob372,22/02/2016,"Shahidano Dhand, Lower Kurram",Kurram Agency,4,5,0,0,0,0,1,4,https://www.thebureauinvestigates.com/2016/01/11/obama-2016-pakistan-drone-strikes/#Ob372,https://www.thebureauinvestigates.com/2016/01/11/obama-2016-pakistan-drone-strikes/#,423
Ob373,21/05/2016,Ahmad Wal,Balochistan,2,2,1,1,0,0,0,0,https://www.thebureauinvestigates.com/2016/01/11/obama-2016-pakistan-drone-strikes/#Ob373,,424
T001,02/03/17,Unknown,Kurram Agency,2,2,0,0,0,0,0,0,,,425
T002,26/04/2017,Zuwai,North Waziristan,7,11,0,3,0,0,0,0,,,426
T003,24/05/2017,Unknown,North Waziristan,2,3,0,0,0,0,0,0,,,427
T004,13/06/2017,Hangu district,Khyber Pakhtunkhwa province,1,3,0,0,0,0,0,3,,,428
T005,15/09/2017,Ghuz Ghari village,Kurram Agency,3,3,0,0,0,0,1,2,,,429
T006,24/01/2018,Unclear ,Unclear ,1,3,0,0,0,0,0,0,,,430
