Strike ID,Date,Location,Province,Type of attack,Confirmed/possible US attack?,Air operation?,Drone strike,Minimum number of strikes,Maximum number of strikes,Minimum people killed,Maximum people killed,Minimum civilians reported killed,Maximum civilians reported killed,Minimum children reported killed,Maximum children reported killed,Minimum people injured,Maximum people injured,Strike link,
YEM001,03/11/02,Unknown,Marib,Drone strike,Confirmed,1,1,1,1,6,6,0,0,0,0,0,0,YEM001,
YEM002,17/12/2009,Al Majala,Abyan,Cruise missile strike,Confirmed,0,0,1,1,55,58,44,44,21,22,9,9,YEM002,
YEM003,17/12/2009,Arhab,Sanaa,US-Yemen ground operationPossible drone strike,Confirmed,0,0,1,1,0,0,0,0,0,0,0,0,YEM003,
YEM004,24/12/2009,Rafd,Shabwa,AirstrikePossible cruise missile strike,Confirmed,1,0,1,1,30,34,0,0,0,0,0,0,YEM004,
YEM005,12/01/10,Unknown,Shabwa,Yemen ground operationPossible US assistance,Possible,0,0,1,1,1,2,0,0,0,0,0,0,YEM005,
YEM006,15/01/2010,Al Ajashir,Saada,Airstrike,Possible,1,0,1,1,0,6,0,0,0,0,0,0,YEM006,
YEM007,20/01/2010,Erq al Shawan,Marib,Airstrike,Possible,1,0,4,4,2,2,0,0,0,0,0,0,YEM007,
YEM008,31/01/2010,N/A,Across Yemen,US ground operations,Possible,0,0,24,24,0,0,0,0,0,0,0,0,YEM008,
YEM009,14/03/2010,Jeezat al QotnMoudia district,Abyan,Airstrike,Confirmed,1,0,1,1,2,3,0,0,0,0,0,0,YEM009,
YEM010,15/03/2010,Moudia,Abyan,Airstrike,Possible,1,0,1,1,7,20,0,20,0,0,0,0,YEM010,
YEM011,24/05/2010,Unknown,Marib,Airstrike,Confirmed,1,0,1,1,3,4,3,4,0,0,2,3,YEM011,
YEM012,05/05/11,Unknown,Shabwa,Drone strikeAirstrike with US conventional aircraft,Confirmed,1,1,1,1,2,2,0,0,0,0,0,0,YEM012,
YEM013,03/06/11,Zinjibar,Abyan,Drone strike,Confirmed,1,1,1,1,7,7,4,4,0,0,0,0,YEM013,
YEM014,10/06/11,Zinjibar,Abyan,AirstrikePossible drone strike,Possible,1,1,1,1,1,1,0,0,0,0,0,0,YEM014,
YEM015,10/06/11,Raia,Abyan,AirstrikePossible drone strike,Possible,1,1,1,3,2,3,2,3,1,1,0,1,YEM015,
YEM016,18/06/2011,Jaar,Abyan,AirstrikePossible drone strike,Possible,1,1,1,1,0,0,0,0,0,0,6,6,YEM016,
YEM017,14/07/2011,Wadeea districtMudiya,Abyan,Drone strike,Confirmed,1,1,1,1,6,50,30,30,0,0,0,0,YEM017,
YEM018,14/07/2011,Unknown,Abyan,Drone strike,Possible,1,1,1,1,0,0,0,0,0,0,0,0,YEM018,
YEM019,27/07/2011,KaradeefZinjibar,Abyan,AirstrikePossible drone strike,Possible,1,1,1,1,5,5,0,0,0,0,0,0,YEM019,
YEM020,01/08/11,Al Khamila,Abyan,Drone strikePossible Yemen Air Force airstrike,Confirmed,1,1,2,4,13,16,0,0,0,0,12,17,YEM020,
YEM021,24/08/2011,Zinjibar,Abyan,Airstrike,Possible,1,0,1,1,30,30,0,0,0,0,40,40,YEM021,
YEM022,24/08/2011,Arkoub,Abyan,AirstrikePossible drone strike,Possible,1,1,1,1,6,6,0,0,0,0,0,0,YEM022,
YEM023,25/08/2011,Wadi Hassan,Abyan,Airstrike,Possible,1,0,1,1,8,8,0,0,0,0,3,3,YEM023,
YEM024,31/08/2011,Unknown,Abyan,Airstrike,Confirmed,1,0,2,2,30,30,0,0,0,0,0,0,YEM024,
YEM025,05/09/11,Jaar,Abyan,Airstrike,Possible,1,0,1,1,3,7,3,7,0,0,4,4,YEM025,
YEM026,05/09/11,Jaar,Abyan,Airstrike,Possible,1,0,2,2,9,11,1,1,1,1,2,2,YEM026,
YEM027,07/09/11,Mahfed,Abyan,Drone strike,Confirmed,1,1,2,3,3,10,0,0,0,0,2,24,YEM027,
YEM028,21/09/2011,Mahfed,Abyan,Drone strike,Confirmed,1,1,1,1,4,4,0,0,0,0,0,0,YEM028,
YEM029,21/09/2011,Shaqra,Abyan,Airstrike,Possible,1,0,1,1,6,7,0,0,0,0,3,3,YEM029,
YEM030,30/09/2011,Unknown,Jawf,Drone strike,Confirmed,1,1,1,1,4,4,0,0,0,0,0,0,YEM030,
YEM031,05/10/11,Al Arqoub,Abyan,AirstrikePossible drone strike,Possible,1,1,1,1,5,5,0,0,0,0,7,7,YEM031,
YEM032,14/10/2011,Azzan,Shabwa,Drone strike,Confirmed,1,1,1,1,0,0,0,0,0,0,0,0,YEM032,
YEM033,14/10/2011,Azzan,Shabwa,Drone strike,Confirmed,1,1,1,1,7,9,2,2,2,2,0,0,YEM033,
YEM034,14/10/2011,Unknown,Southern Yemen,AirstrikePossible drone strike,Possible,1,1,1,1,15,17,0,0,0,0,0,0,YEM034,
YEM035,14/10/2011,Azzan,Shabwa,AirstrikePossible drone strike,Possible,1,1,1,1,2,2,1,2,1,1,0,0,YEM035,
YEM036,22/12/2011,Zinjibar,Abyan,AirstrikePossible drone strike,Possible,1,1,1,1,1,1,0,0,0,0,0,0,YEM036,
YEM037,31/01/2012,Lawder,Abyan,Drone strike,Confirmed,1,1,1,1,10,14,0,0,0,0,0,0,www.thebureauinvestigates.com/2012/05/08/yemen-reported-us-covert-action-2012/#YEM037,www.thebureauinvestigates.com/2012/05/08/yemen-reported-us-covert-action-2012/#
YEM038,31/01/2012,Unknown,Abyan,Airstrike,Confirmed,1,0,3,3,0,0,0,0,0,0,0,0,www.thebureauinvestigates.com/2012/05/08/yemen-reported-us-covert-action-2012/#YEM038,
YEM039,09/03/12,Unknown,Bayda,Drone strike,Confirmed,1,1,1,1,23,34,2,2,0,0,0,55,www.thebureauinvestigates.com/2012/05/08/yemen-reported-us-covert-action-2012/#YEM039,
YEM040,10/03/12,Jaar and Zinjibar,Abyan,Drone strike,Confirmed,1,1,2,2,24,24,0,0,0,0,0,0,www.thebureauinvestigates.com/2012/05/08/yemen-reported-us-covert-action-2012/#YEM040,
YEM041,11/03/12,Jebel KhanfarNear Jaar,Abyan,Drone strike,Confirmed,1,1,1,1,3,6,0,0,0,0,0,0,www.thebureauinvestigates.com/2012/05/08/yemen-reported-us-covert-action-2012/#YEM041,
YEM042,13/03/2012,Unknown,Bayda,Drone strike,Confirmed,1,1,1,7,4,5,0,0,0,0,0,0,www.thebureauinvestigates.com/2012/05/08/yemen-reported-us-covert-action-2012/#YEM042,
YEM043,18/03/2012,Zinjibar,Abyan,AirstrikePossible naval bombardmentPossible drone strike,Possible,1,1,1,2,14,18,0,0,0,0,0,0,www.thebureauinvestigates.com/2012/05/08/yemen-reported-us-covert-action-2012/#YEM043,
YEM044,18/03/2012,Jaar,Abyan,Airstrike,Possible,1,0,1,1,8,8,0,0,0,0,0,0,www.thebureauinvestigates.com/2012/05/08/yemen-reported-us-covert-action-2012/#YEM044,
YEM045,22/03/2012,Zinjibar,Abyan,Drone strikePossible naval bombardment,Confirmed,1,1,3,4,29,30,0,0,0,0,24,24,www.thebureauinvestigates.com/2012/05/08/yemen-reported-us-covert-action-2012/#YEM045,
YEM046,30/03/2012,Azzan,Shabwa,Drone strike,Confirmed,1,1,2,2,5,5,1,1,0,0,6,9,www.thebureauinvestigates.com/2012/05/08/yemen-reported-us-covert-action-2012/#YEM046,
YEM047,07/04/12,Unknown,Shabwa,Drone strike,Confirmed,1,1,1,1,0,8,0,0,0,0,0,0,www.thebureauinvestigates.com/2012/05/08/yemen-reported-us-covert-action-2012/#YEM047,
YEM048,08/04/12,Unknown,Abyan,Airstrike - joint Yemeni and USPossible drone strike,Possible,1,1,2,2,16,16,0,0,0,0,0,0,www.thebureauinvestigates.com/2012/05/08/yemen-reported-us-covert-action-2012/#YEM048,
YEM049,11/04/12,Lawder,Abyan,AirstrikePossible drone strike,Possible,1,1,1,1,10,14,0,0,0,0,10,10,www.thebureauinvestigates.com/2012/05/08/yemen-reported-us-covert-action-2012/#YEM049,
YEM050,14/04/2012,Al Zahir,Bayda,Drone strike,Confirmed,1,1,1,1,3,7,0,0,0,0,0,0,www.thebureauinvestigates.com/2012/05/08/yemen-reported-us-covert-action-2012/#YEM050,
YEM051,16/04/2012,Azzan,Shabwa,Drone strike,Confirmed,1,1,1,5,5,7,0,0,0,0,0,0,www.thebureauinvestigates.com/2012/05/08/yemen-reported-us-covert-action-2012/#YEM051,
YEM052,18/04/2012,Lawder and Jaar,Abyan,AirstrikePossible drone strike,Possible,1,1,1,3,6,10,0,0,0,0,0,0,www.thebureauinvestigates.com/2012/05/08/yemen-reported-us-covert-action-2012/#YEM052,
YEM053,21/04/2012,Lawder,Abyan,AirstrikePossible drone strike,Possible,1,1,2,2,12,17,0,0,0,0,0,5,www.thebureauinvestigates.com/2012/05/08/yemen-reported-us-covert-action-2012/#YEM053,
YEM054,22/04/2012,Sanda,Marib,Drone strike,Confirmed,1,1,1,1,4,4,0,0,0,0,0,0,www.thebureauinvestigates.com/2012/05/08/yemen-reported-us-covert-action-2012/#YEM054,
YEM055,23/04/2012,Nasab,Shabwa,AirstrikePossible drone strike,Confirmed,1,1,1,1,3,3,0,0,0,0,2,2,www.thebureauinvestigates.com/2012/05/08/yemen-reported-us-covert-action-2012/#YEM055,
YEM056,23/04/2012,Lawder,Abyan,AirstrikePossible drone strike,Possible,1,1,1,1,0,4,0,0,0,0,0,0,www.thebureauinvestigates.com/2012/05/08/yemen-reported-us-covert-action-2012/#YEM056,
YEM057,26/04/2012,Moudia,Abyan,AirstrikePossible drone strike,Possible,1,1,1,1,3,3,0,0,0,0,0,0,www.thebureauinvestigates.com/2012/05/08/yemen-reported-us-covert-action-2012/#YEM057,
YEM058,29/04/2012,Unknown,Jawf,AirstrikePossible drone strike,Possible,1,1,1,1,3,3,0,0,0,0,0,0,www.thebureauinvestigates.com/2012/05/08/yemen-reported-us-covert-action-2012/#YEM058,
YEM059,30/04/2012,Lawder,Abyan,AirstrikePossible drone strike,Possible,1,1,1,1,4,4,0,0,0,0,0,0,www.thebureauinvestigates.com/2012/05/08/yemen-reported-us-covert-action-2012/#YEM059,
YEM060,30/04/2012,Jaar,Abyan,AirstrikePossible drone strike,Possible,1,1,1,1,3,3,0,0,0,0,0,0,www.thebureauinvestigates.com/2012/05/08/yemen-reported-us-covert-action-2012/#YEM060,
YEM061,02/05/12,Zinjibar,Abyan,AirstrikePossible drone strike,Possible,1,1,1,1,10,15,0,0,0,0,0,0,www.thebureauinvestigates.com/2012/05/08/yemen-reported-us-covert-action-2012/#YEM061,
YEM062,06/05/12,Wadi Rafad,Shabwa,Drone strike,Confirmed,1,1,1,1,2,4,1,1,0,0,0,0,www.thebureauinvestigates.com/2012/05/08/yemen-reported-us-covert-action-2012/#YEM062,
YEM063,10/05/12,Jaar,Abyan,AirstrikePossible naval bombardmentPossible drone strike,Possible,1,1,2,2,5,12,0,0,0,0,0,0,www.thebureauinvestigates.com/2012/05/08/yemen-reported-us-covert-action-2012/#YEM063,
YEM064,10/05/12,Shaqra,Abyan,AirstrikePossible naval bombardmentPossible drone strike,Possible,1,1,1,1,2,4,0,0,0,0,0,0,www.thebureauinvestigates.com/2012/05/08/yemen-reported-us-covert-action-2012/#YEM064,
YEM065,12/05/12,Al Hosoon,Marib,Drone strike,Confirmed,1,1,1,1,6,7,0,0,0,0,0,0,www.thebureauinvestigates.com/2012/05/08/yemen-reported-us-covert-action-2012/#YEM065,
YEM066,12/05/12,Unknown,Between Marib and Shabwa,Drone strike,Confirmed,1,1,1,1,10,10,0,0,0,0,0,0,www.thebureauinvestigates.com/2012/05/08/yemen-reported-us-covert-action-2012/#YEM066,
YEM067,12/05/12,Al Ain,Shabwa/Hadramout,AirstrikePossible drone strike,Possible,1,1,1,1,6,10,0,0,0,0,0,0,www.thebureauinvestigates.com/2012/05/08/yemen-reported-us-covert-action-2012/#YEM067,
YEM068,14/05/2012,Shaqra,Abyan,AirstrikePossible drone strike,Possible,1,1,1,1,10,10,0,0,0,0,0,0,www.thebureauinvestigates.com/2012/05/08/yemen-reported-us-covert-action-2012/#YEM068,
YEM069,14/05/2012,Lawder,Abyan,AirstrikePossible drone strike,Possible,1,1,1,1,6,6,0,0,0,0,0,0,www.thebureauinvestigates.com/2012/05/08/yemen-reported-us-covert-action-2012/#YEM069,
YEM070,14/05/2012,Jaar,Abyan,Airstrike,Possible,1,0,1,1,0,0,0,0,0,0,2,2,www.thebureauinvestigates.com/2012/05/08/yemen-reported-us-covert-action-2012/#YEM070,
YEM071,15/05/2012,Jaar,Abyan,AirstrikePossible drone strike,Possible,1,1,2,4,14,42,14,26,0,0,20,21,www.thebureauinvestigates.com/2012/05/08/yemen-reported-us-covert-action-2012/#YEM071,
YEM072,16/05/2012,Moudia,Abyan,AirstrikePossible naval bombardmentPossible drone strike,Possible,1,1,1,2,16,16,0,0,0,0,5,14,www.thebureauinvestigates.com/2012/05/08/yemen-reported-us-covert-action-2012/#YEM072,
YEM073,17/05/2012,Shibam,Hadhramout,Drone strike,Confirmed,1,1,1,1,2,3,0,0,0,0,0,2,www.thebureauinvestigates.com/2012/05/08/yemen-reported-us-covert-action-2012/#YEM073,
YEM074,17/05/2012,Shaqra,Abyan,Airstrike,Possible,1,0,1,1,5,6,0,2,0,0,0,0,www.thebureauinvestigates.com/2012/05/08/yemen-reported-us-covert-action-2012/#YEM074,
YEM075,19/05/2012,Jaar,Abyan,Airstrike,Possible,1,0,1,1,3,5,0,0,0,0,0,0,www.thebureauinvestigates.com/2012/05/08/yemen-reported-us-covert-action-2012/#YEM075,
YEM076,19/05/2012,Unknown,Bayda,AirstrikePossible drone strike,Possible,1,1,1,1,2,2,0,0,0,0,0,0,www.thebureauinvestigates.com/2012/05/08/yemen-reported-us-covert-action-2012/#YEM076,
YEM077,20/05/2012,Jaar,Abyan,Airstrike,Possible,1,0,1,1,0,9,0,0,0,0,0,0,www.thebureauinvestigates.com/2012/05/08/yemen-reported-us-covert-action-2012/#YEM077,
YEM078,28/05/2012,Manaseh,Bayda,Drone strike,Confirmed,1,1,1,1,3,5,0,2,0,0,4,4,www.thebureauinvestigates.com/2012/05/08/yemen-reported-us-covert-action-2012/#YEM078,
YEM079,28/05/2012,Mukalla,Abyan,AirstrikePossible naval bombardmentPossible drone strike,Possible,1,1,1,1,5,5,0,0,0,0,0,0,www.thebureauinvestigates.com/2012/05/08/yemen-reported-us-covert-action-2012/#YEM079,
YEM080,01/06/12,Mahfed,Abyan,AirstrikePossible drone strike,Possible,1,1,1,1,11,12,0,0,0,0,0,0,www.thebureauinvestigates.com/2012/05/08/yemen-reported-us-covert-action-2012/#YEM080,
YEM081,07/06/12,Moudia,Abyan,Airstrike,Possible,1,0,1,1,2,2,0,0,0,0,7,7,www.thebureauinvestigates.com/2012/05/08/yemen-reported-us-covert-action-2012/#YEM081,
YEM082,07/06/12,Jaar,Abyan,AirstrikePossible drone strike,Possible,1,1,1,1,3,3,0,0,0,0,0,0,www.thebureauinvestigates.com/2012/05/08/yemen-reported-us-covert-action-2012/#YEM082,
YEM083,07/06/12,Jaar,Abyan,Airstrike,Possible,1,0,1,1,5,5,0,0,0,0,3,3,www.thebureauinvestigates.com/2012/05/08/yemen-reported-us-covert-action-2012/#YEM083,
YEM084,11/06/12,Azzan,Shabwa,Airstrike,Possible,1,0,1,1,16,16,0,0,0,0,0,0,www.thebureauinvestigates.com/2012/05/08/yemen-reported-us-covert-action-2012/#YEM084,
YEM085,13/06/2012,Jaar,Abyan,AirstrikePossible drone strike,Possible,1,1,1,4,10,18,0,0,0,0,1,1,www.thebureauinvestigates.com/2012/05/08/yemen-reported-us-covert-action-2012/#YEM085,
YEM086,13/06/2012,Azzan,Shabwa,Drone strike,Confirmed,1,1,1,1,9,9,0,0,0,0,0,0,www.thebureauinvestigates.com/2012/05/08/yemen-reported-us-covert-action-2012/#YEM086,
YEM087,15/06/2012,Azzan,Shabwa,Airstrike,Possible,1,0,1,1,5,5,0,0,0,0,2,2,www.thebureauinvestigates.com/2012/05/08/yemen-reported-us-covert-action-2012/#YEM087,
YEM088,15/06/2012,Shaqra,Abyan,AirstrikePossible drone strike,Possible,1,1,1,1,5,7,5,7,4,6,4,5,www.thebureauinvestigates.com/2012/05/08/yemen-reported-us-covert-action-2012/#YEM088,
YEM089,19/06/2012,Unknown,Shabwa,AirstrikePossible drone strike,Possible,1,1,1,1,3,3,0,0,0,0,0,0,www.thebureauinvestigates.com/2012/05/08/yemen-reported-us-covert-action-2012/#YEM089,
YEM090,20/06/2012,Mahfed,Abyan,AirstrikePossible drone strike,Possible,1,1,1,1,1,1,1,1,0,0,0,0,www.thebureauinvestigates.com/2012/05/08/yemen-reported-us-covert-action-2012/#YEM090,
YEM091,20/06/2012,Al Yafea,Bayda,Airstrike,Possible,1,0,6,6,5,30,0,0,0,0,6,6,www.thebureauinvestigates.com/2012/05/08/yemen-reported-us-covert-action-2012/#YEM091,
YEM092,25/06/2012,Mahfed,Abyan,Drone strike,Confirmed,1,1,1,1,3,3,0,0,0,0,0,0,www.thebureauinvestigates.com/2012/05/08/yemen-reported-us-covert-action-2012/#YEM092,
YEM093,03/07/12,Bayhan,Shabwa,Drone strike,Confirmed,1,1,1,1,2,5,0,0,0,0,2,2,www.thebureauinvestigates.com/2012/05/08/yemen-reported-us-covert-action-2012/#YEM093,
YEM094,04/07/12,Mahfed,Abyan,Airstrike,Possible,1,0,1,4,3,13,0,0,0,0,7,7,www.thebureauinvestigates.com/2012/05/08/yemen-reported-us-covert-action-2012/#YEM094,
YEM095,23/07/2012,Mahfed,Abyan,Airstrike,Possible,1,0,1,1,5,5,0,0,0,0,0,0,www.thebureauinvestigates.com/2012/05/08/yemen-reported-us-covert-action-2012/#YEM095,
YEM096,04/08/12,Al Qotn,Hadhramout,Drone strike,Confirmed,1,1,1,1,3,5,0,0,0,0,2,2,www.thebureauinvestigates.com/2012/05/08/yemen-reported-us-covert-action-2012/#YEM096,
YEM097,06/08/12,Radaa,Bayda,Drone strike,Confirmed,1,1,1,1,7,7,0,0,0,0,0,0,www.thebureauinvestigates.com/2012/05/08/yemen-reported-us-covert-action-2012/#YEM097,
YEM098,07/08/12,Al Qotn,Hadhramout,AirstrikePossible drone strike,Possible,1,1,1,1,2,3,0,0,0,0,2,2,www.thebureauinvestigates.com/2012/05/08/yemen-reported-us-covert-action-2012/#YEM098,
YEM099,28/08/2012,Qahb al-Hisan,Hadhramout,Drone strike,Confirmed,1,1,1,1,2,3,0,0,0,0,0,0,www.thebureauinvestigates.com/2012/05/08/yemen-reported-us-covert-action-2012/#YEM099,
YEM100,29/08/2012,Al Qotn,Hadhramout,Drone strike,Confirmed,1,1,1,1,5,5,2,2,0,0,0,0,www.thebureauinvestigates.com/2012/05/08/yemen-reported-us-covert-action-2012/#YEM100,
YEM101,31/08/2012,Hawda,Hadhramout,Drone strike,Confirmed,1,1,1,1,8,8,0,0,0,0,0,0,www.thebureauinvestigates.com/2012/05/08/yemen-reported-us-covert-action-2012/#YEM101,
YEM102,02/09/12,Radaa,Bayda,US airstrikePossible drone strike,Confirmed,1,0,1,1,12,12,12,12,3,3,4,11,www.thebureauinvestigates.com/2012/05/08/yemen-reported-us-covert-action-2012/#YEM102,
YEM103,05/09/12,Al Ain,Shabwa/Hadramout,Drone strike,Confirmed,1,1,1,1,4,6,1,4,0,0,3,3,www.thebureauinvestigates.com/2012/05/08/yemen-reported-us-covert-action-2012/#YEM103,
YEM104,10/09/12,Al Ain,Shabwa/Hadramout,Drone strike,Confirmed,1,1,1,2,6,15,0,0,0,0,3,3,www.thebureauinvestigates.com/2012/05/08/yemen-reported-us-covert-action-2012/#YEM104,
YEM105,20/09/2012,Mahfed,Abyan,AirstrikePossible drone strike,Possible,1,1,1,2,2,4,0,0,0,0,3,3,www.thebureauinvestigates.com/2012/05/08/yemen-reported-us-covert-action-2012/#YEM105,
YEM106,04/10/12,Al Saeed,Shabwa,Drone strike,Confirmed,1,1,1,2,3,6,0,0,0,0,2,4,www.thebureauinvestigates.com/2012/05/08/yemen-reported-us-covert-action-2012/#YEM106,
YEM107,18/10/2012,Jaar,Abyan,Drone strike,Confirmed,1,1,2,3,7,9,0,0,0,0,0,0,www.thebureauinvestigates.com/2012/05/08/yemen-reported-us-covert-action-2012/#YEM107,
YEM108,21/10/2012,Maarib,Marib,Drone strike,Confirmed,1,1,1,1,4,4,0,0,0,0,0,0,www.thebureauinvestigates.com/2012/05/08/yemen-reported-us-covert-action-2012/#YEM108,
YEM109,28/10/2012,Wadi al Abu Jabara,Saada,Drone strike,Confirmed,1,1,1,1,4,4,0,0,0,0,1,1,www.thebureauinvestigates.com/2012/05/08/yemen-reported-us-covert-action-2012/#YEM109,
YEM110,07/11/12,Beit al Ahan,Sanaa,Drone strike,Confirmed,1,1,1,1,2,2,0,0,0,0,2,3,www.thebureauinvestigates.com/2012/05/08/yemen-reported-us-covert-action-2012/#YEM110,
YEM111,24/12/2012,Manaseh,Bayda,AirstrikePossible drone strike,Possible,1,1,1,1,2,3,0,0,0,0,3,3,www.thebureauinvestigates.com/2012/05/08/yemen-reported-us-covert-action-2012/#YEM111,
YEM112,24/12/2012,Shehr,Hadhramout,AirstrikePossible drone strike,Possible,1,1,1,3,3,7,0,0,0,0,1,1,www.thebureauinvestigates.com/2012/05/08/yemen-reported-us-covert-action-2012/#YEM112,
YEM113,28/12/2012,Shehr,Hadhramout,AirstrikePossible drone strike,Possible,1,1,1,2,2,3,0,0,0,0,0,1,www.thebureauinvestigates.com/2012/05/08/yemen-reported-us-covert-action-2012/#YEM113,
YEM114,29/12/2012,Manaseh,Bayda,AirstrikePossible drone strike,Possible,1,1,1,1,3,4,0,0,0,0,0,2,www.thebureauinvestigates.com/2012/05/08/yemen-reported-us-covert-action-2012/#YEM114,
YEM115,01/01/13,Unknown,Shabwa,AirstrikePossible drone strike,Possible,1,1,1,1,1,1,0,0,0,0,0,0,www.thebureauinvestigates.com/2013/01/03/yemen-reported-us-covert-actions-2013/#YEM115,www.thebureauinvestigates.com/2013/01/03/yemen-reported-us-covert-actions-2013/#
YEM116,04/01/13,Radaa,Bayda,Drone strike,Confirmed,1,1,1,1,3,3,0,0,0,0,0,0,www.thebureauinvestigates.com/2013/01/03/yemen-reported-us-covert-actions-2013/#YEM116,
YEM117,19/01/2013,Wadi Abida,Marib,Drone strike,Confirmed,1,1,1,1,0,0,0,0,0,0,0,0,www.thebureauinvestigates.com/2013/01/03/yemen-reported-us-covert-actions-2013/#YEM117,
YEM118,19/01/2013,Wadi Abida,Marib,Drone strike,Confirmed,1,1,1,1,2,4,0,3,0,0,0,0,www.thebureauinvestigates.com/2013/01/03/yemen-reported-us-covert-actions-2013/#YEM118,
YEM119,19/01/2013,Wadi Abida,Marib,Drone strike,Confirmed,1,1,1,1,4,6,0,4,0,0,0,0,www.thebureauinvestigates.com/2013/01/03/yemen-reported-us-covert-actions-2013/#YEM119,
YEM120,20/01/2013,Al Kanais,Marib,AirstrikePossible drone strike,Possible,1,1,1,1,3,3,0,0,0,0,0,0,www.thebureauinvestigates.com/2013/01/03/yemen-reported-us-covert-actions-2013/#YEM120,
YEM121,21/01/2013,Nakhla,Marib,Drone strike,Confirmed,1,1,1,1,2,4,0,0,0,0,2,2,www.thebureauinvestigates.com/2013/01/03/yemen-reported-us-covert-actions-2013/#YEM121,
YEM122,22/01/2013,Al Boka,Jawf,Drone strike,Confirmed,1,1,1,1,3,5,0,0,0,0,0,0,www.thebureauinvestigates.com/2013/01/03/yemen-reported-us-covert-actions-2013/#YEM122,
YEM123,23/01/2013,Khawlan,Sanaa,Drone strike,Confirmed,1,1,1,1,4,4,2,2,0,0,0,0,www.thebureauinvestigates.com/2013/01/03/yemen-reported-us-covert-actions-2013/#YEM123,
YEM124,23/01/2013,Qayfa,Bayda,AirstrikePossible drone strike,Possible,1,1,1,1,3,5,0,0,0,0,0,0,www.thebureauinvestigates.com/2013/01/03/yemen-reported-us-covert-actions-2013/#YEM124,
YEM125,17/04/2013,Wassab al Ali,Damar,Drone strike,Confirmed,1,1,1,1,4,4,0,4,0,0,0,0,www.thebureauinvestigates.com/2013/01/03/yemen-reported-us-covert-actions-2013/#YEM125,
YEM126,21/04/2013,Wadi Abida,Marib,AirstrikePossible drone strike,Possible,1,1,1,1,2,2,0,0,0,0,2,3,www.thebureauinvestigates.com/2013/01/03/yemen-reported-us-covert-actions-2013/#YEM126,
YEM127,18/05/2013,Mahfed,Abyan,Drone strike,Confirmed,1,1,1,1,4,9,0,0,0,0,0,0,www.thebureauinvestigates.com/2013/01/03/yemen-reported-us-covert-actions-2013/#YEM127,
YEM128,20/05/2013,Radaa,Bayda,AirstrikePossible drone strike,Possible,1,1,1,1,2,2,0,0,0,0,0,0,www.thebureauinvestigates.com/2013/01/03/yemen-reported-us-covert-actions-2013/#YEM128,
YEM129,01/06/13,Mahfed,Abyan,AirstrikePossible drone strike,Possible,1,1,1,2,7,8,0,0,0,0,2,3,www.thebureauinvestigates.com/2013/01/03/yemen-reported-us-covert-actions-2013/#YEM129,
YEM130,09/06/13,Al Makashma/Khab al Shath,Jawf,Drone strike,Confirmed,1,1,1,1,2,7,1,1,1,1,0,0,www.thebureauinvestigates.com/2013/01/03/yemen-reported-us-covert-actions-2013/#YEM130,
YEM131,27/07/2013,Mahfed,Abyan,Drone strike,Confirmed,1,1,1,1,4,9,0,0,0,0,0,0,www.thebureauinvestigates.com/2013/01/03/yemen-reported-us-covert-actions-2013/#YEM131,
YEM132,30/07/2013,Al Saeed,Shabwa,Drone strike,Confirmed,1,1,1,1,3,4,0,0,0,0,0,0,www.thebureauinvestigates.com/2013/01/03/yemen-reported-us-covert-actions-2013/#YEM132,
YEM133,01/08/13,Wadi Ser,Hadhramout,Drone strike,Confirmed,1,1,1,1,3,5,4,5,1,1,3,3,www.thebureauinvestigates.com/2013/01/03/yemen-reported-us-covert-actions-2013/#YEM133,
YEM134,06/08/13,Wadi Abida,Marib,Drone strike,Confirmed,1,1,1,1,4,4,0,0,0,0,0,0,www.thebureauinvestigates.com/2013/01/03/yemen-reported-us-covert-actions-2013/#YEM134,
YEM135,07/08/13,Markha,Shabwa,Drone strike,Confirmed,1,1,1,1,6,8,0,0,0,0,0,0,www.thebureauinvestigates.com/2013/01/03/yemen-reported-us-covert-actions-2013/#YEM135,
YEM136,08/08/13,Wadi Abida,Marib,Drone strike,Confirmed,1,1,1,1,3,8,2,2,2,2,0,0,www.thebureauinvestigates.com/2013/01/03/yemen-reported-us-covert-actions-2013/#YEM136,
YEM137,08/08/13,Al Ayoun,Hadhramout,Drone strike,Confirmed,1,1,1,1,2,7,0,0,0,0,0,0,www.thebureauinvestigates.com/2013/01/03/yemen-reported-us-covert-actions-2013/#YEM137,
YEM138,08/08/13,Al Qotn,Hadhramout,Drone strike,Confirmed,1,1,1,1,3,5,0,0,0,0,0,0,www.thebureauinvestigates.com/2013/01/03/yemen-reported-us-covert-actions-2013/#YEM138,
YEM139,10/08/13,Al Askariya,Lahj,Drone strike,Confirmed,1,1,1,1,2,5,0,0,0,0,2,5,www.thebureauinvestigates.com/2013/01/03/yemen-reported-us-covert-actions-2013/#YEM139,
YEM140,30/08/2013,Manaseh,Bayda,Drone strike,Confirmed,1,1,1,1,4,6,0,0,0,0,0,0,www.thebureauinvestigates.com/2013/01/03/yemen-reported-us-covert-actions-2013/#YEM140,
YEM141,19/11/2013,Ghayl Bawazir,Hadhramout,US airstrikePossible drone strike,Confirmed,1,1,1,1,5,5,0,0,0,0,0,0,www.thebureauinvestigates.com/2013/01/03/yemen-reported-us-covert-actions-2013/#YEM141,
YEM142,26/11/2013,Mahfed,Abyan,AirstrikePossible drone strike,Possible,1,1,1,1,12,12,0,0,0,0,0,0,www.thebureauinvestigates.com/2013/01/03/yemen-reported-us-covert-actions-2013/#YEM142,
YEM143,09/12/13,Al Qotn,Hadhramout,AirstrikePossible drone strike,Possible,1,1,1,1,3,3,0,0,0,0,0,0,www.thebureauinvestigates.com/2013/01/03/yemen-reported-us-covert-actions-2013/#YEM143,
YEM144,12/12/13,Radaa,Bayda,Drone strike,Confirmed,1,1,1,1,12,17,8,16,0,0,5,30,www.thebureauinvestigates.com/2013/01/03/yemen-reported-us-covert-actions-2013/#YEM144,
YEM145,27/12/2013,Shibam,Hadhramout,AirstrikePossible drone strike,Possible,1,1,1,1,1,6,0,0,0,0,0,0,www.thebureauinvestigates.com/2013/01/03/yemen-reported-us-covert-actions-2013/#YEM145,
YEM146,31/12/2013,Mahfed,Abyan,AirstrikePossible drone strike,Possible,1,1,1,1,2,6,0,0,0,0,0,3,www.thebureauinvestigates.com/2013/01/03/yemen-reported-us-covert-actions-2013/#YEM146,
YEM147,06/01/14,Radaa,Bayda,Drone strike,Confirmed,1,1,1,1,0,0,0,0,0,0,0,2,www.thebureauinvestigates.com/2014/01/06/yemen-reported-us-covert-actions-2014/#YEM147,www.thebureauinvestigates.com/2014/01/06/yemen-reported-us-covert-actions-2014/#
YEM148,08/01/14,Al Qotn,Hadhramout,Drone strike,Confirmed,1,1,1,1,2,2,0,0,0,0,0,2,www.thebureauinvestigates.com/2014/01/06/yemen-reported-us-covert-actions-2014/#YEM148,
YEM149,15/01/2014,Shibam,Hadhramout,AirstrikePossible drone strike,Possible,1,1,1,1,1,1,1,1,0,0,0,0,www.thebureauinvestigates.com/2014/01/06/yemen-reported-us-covert-actions-2014/#YEM149,
YEM150,24/01/2014,Wadi Abida,Marib,Drone strike,Confirmed,1,1,1,1,3,4,0,0,0,0,0,0,www.thebureauinvestigates.com/2014/01/06/yemen-reported-us-covert-actions-2014/#YEM150,
YEM151,03/02/14,Mahfed,Abyan,AirstrikePossible drone strike,Possible,1,1,1,1,0,4,0,0,0,0,0,2,www.thebureauinvestigates.com/2014/01/06/yemen-reported-us-covert-actions-2014/#YEM151,
YEM152,02/03/14,Shabwan,Marib,Drone strike,Confirmed,1,1,1,1,2,3,0,0,0,0,2,2,www.thebureauinvestigates.com/2014/01/06/yemen-reported-us-covert-actions-2014/#YEM152,
YEM153,03/03/14,Mahfed,Abyan,AirstrikePossible drone strike,Possible,1,1,1,1,1,1,0,0,0,0,0,0,www.thebureauinvestigates.com/2014/01/06/yemen-reported-us-covert-actions-2014/#YEM153,
YEM154,03/03/14,Radhum,Shabwa,AirstrikePossible drone strike,Possible,1,1,1,1,2,4,0,0,0,0,2,2,www.thebureauinvestigates.com/2014/01/06/yemen-reported-us-covert-actions-2014/#YEM154,
YEM155,05/03/14,Khalek,Jawf,Drone strike,Confirmed,1,1,1,1,2,4,0,0,0,0,0,0,www.thebureauinvestigates.com/2014/01/06/yemen-reported-us-covert-actions-2014/#YEM155,
YEM156,10/03/14,Wadi Abida,Marib,AirstrikePossible drone strike,Possible,1,1,1,1,1,4,0,1,0,1,0,0,www.thebureauinvestigates.com/2014/01/06/yemen-reported-us-covert-actions-2014/#YEM156,
YEM157,12/03/14,Khab Wal Saaf,Jawf,AirstrikePossible drone strike,Possible,1,1,1,1,2,3,0,0,0,0,0,0,www.thebureauinvestigates.com/2014/01/06/yemen-reported-us-covert-actions-2014/#YEM157,
YEM158,01/04/14,Mahfed,Abyan,AirstrikePossible drone strike,Possible,1,1,1,1,3,3,0,0,0,0,4,4,www.thebureauinvestigates.com/2014/01/06/yemen-reported-us-covert-actions-2014/#YEM158,
YEM159,19/04/2014,Sawmaa,Bayda,Drone strike,Confirmed,1,1,1,1,13,21,3,8,0,0,1,6,www.thebureauinvestigates.com/2014/01/06/yemen-reported-us-covert-actions-2014/#YEM159,
YEM160,20/04/2014,Mahfed,Abyan,Drone strikeYemen Air Force airstrike,Confirmed,1,1,1,3,24,31,1,1,1,1,1,3,www.thebureauinvestigates.com/2014/01/06/yemen-reported-us-covert-actions-2014/#YEM160,
YEM161,21/04/2014,Usylan,Shabwa,US-Yemen ground operationPossible drone strike,Confirmed,0,0,1,1,3,4,1,1,1,1,0,0,www.thebureauinvestigates.com/2014/01/06/yemen-reported-us-covert-actions-2014/#YEM161,
YEM162,12/05/14,Wadi Abida,Marib,Drone strike,Confirmed,1,1,1,1,4,6,0,0,0,0,0,0,www.thebureauinvestigates.com/2014/01/06/yemen-reported-us-covert-actions-2014/#YEM162,
YEM163,04/06/14,Wadi Abida,Marib,AirstrikePossible drone strike,Possible,1,1,1,1,3,4,0,0,0,0,0,0,www.thebureauinvestigates.com/2014/01/06/yemen-reported-us-covert-actions-2014/#YEM163,
YEM164,13/06/2014,Mafraq al Saeed,Marib,Drone strike,Confirmed,1,1,1,1,5,6,0,0,0,0,0,0,www.thebureauinvestigates.com/2014/01/06/yemen-reported-us-covert-actions-2014/#YEM164,
YEM165,21/06/2014,Unknown,Bayda,AirstrikePossible drone strike,Possible,1,1,1,1,0,0,0,0,0,0,0,0,www.thebureauinvestigates.com/2014/01/06/yemen-reported-us-covert-actions-2014/#YEM165,
YEM166,09/08/14,Wadi Abida,Marib,Drone strike,Confirmed,1,1,1,1,3,3,0,0,0,0,2,2,www.thebureauinvestigates.com/2014/01/06/yemen-reported-us-covert-actions-2014/#YEM166,
YEM167,16/08/2014,Unknown,Hadhramout,AirstrikePossible drone strike,Possible,1,1,1,1,3,3,0,0,0,0,0,0,www.thebureauinvestigates.com/2014/01/06/yemen-reported-us-covert-actions-2014/#YEM167,
YEM168,11/09/14,Unknown,Shabwa,Drone strike,Confirmed,1,1,1,1,4,5,0,0,0,0,0,0,www.thebureauinvestigates.com/2014/01/06/yemen-reported-us-covert-actions-2014/#YEM168,
YEM169,25/09/2014,NasabNear Ataq,Shabwa,AirstrikePossible drone strike,Possible,1,1,1,1,4,5,0,0,0,0,0,0,www.thebureauinvestigates.com/2014/01/06/yemen-reported-us-covert-actions-2014/#YEM169,
YEM170,26/09/2014,Khasaf,Jawf,AirstrikePossible drone strike,Possible,1,1,1,1,2,3,0,0,0,0,3,3,www.thebureauinvestigates.com/2014/01/06/yemen-reported-us-covert-actions-2014/#YEM170,
YEM171,15/10/2014,Bani AssafMayfaa,Shabwa,Drone strike,Confirmed,1,1,1,1,4,4,0,0,0,0,0,0,www.thebureauinvestigates.com/2014/01/06/yemen-reported-us-covert-actions-2014/#YEM171,
YEM172,24/10/2014,Radaa,Bayda,AirstrikePossible drone strike,Possible,1,1,1,1,3,10,0,10,0,0,0,0,www.thebureauinvestigates.com/2014/01/06/yemen-reported-us-covert-actions-2014/#YEM172,
YEM173,26/10/2014,Radaa,Bayda,AirstrikePossible drone strikeYemeni air and ground operations,Possible,1,1,1,1,12,20,2,10,0,0,0,0,www.thebureauinvestigates.com/2014/01/06/yemen-reported-us-covert-actions-2014/#YEM173,
YEM174,04/11/14,Radaa,Bayda,Drone strike,Confirmed,1,1,3,3,9,20,0,0,0,0,0,0,www.thebureauinvestigates.com/2014/01/06/yemen-reported-us-covert-actions-2014/#YEM174,
YEM175,12/11/14,Azzan,Shabwa,Drone strike,Confirmed,1,1,1,1,6,8,0,0,0,0,0,0,www.thebureauinvestigates.com/2014/01/06/yemen-reported-us-covert-actions-2014/#YEM175,
YEM176,26/11/2014,Hagr al Saiaar,Hadhramout,US-Yemen ground operation,Confirmed,0,0,1,1,7,7,0,0,0,0,0,0,www.thebureauinvestigates.com/2014/01/06/yemen-reported-us-covert-actions-2014/#YEM176,
YEM177,06/12/14,Nasab,Shabwa,US drone strike,Confirmed,1,1,1,1,9,10,0,0,0,0,3,3,www.thebureauinvestigates.com/2014/01/06/yemen-reported-us-covert-actions-2014/#YEM177,
YEM178,06/12/14,Dafaar,Shabwa,US ground operationPossible US air and drone strike,Confirmed,0,0,1,1,11,11,8,8,1,1,0,0,www.thebureauinvestigates.com/2014/01/06/yemen-reported-us-covert-actions-2014/#YEM178,
YEM179,26/01/2015,Hareeb,Shabwa/Mareb border,US drone strike,Confirmed,1,1,1,1,3,3,1,2,1,1,0,0,http://www.thebureauinvestigates.com/2015/01/26/yemen-reported-us-covert-actions-2015/#YEM179,http://www.thebureauinvestigates.com/2015/01/26/yemen-reported-us-covert-actions-2015/#
YEM180,31/01/2015,Al Saeed,Shabwa,US drone strike,Confirmed,1,1,1,1,4,4,0,0,0,0,0,0,http://www.thebureauinvestigates.com/2015/01/26/yemen-reported-us-covert-actions-2015/#YEM180,
YEM181,02/02/15,Unknown,Bayda,US drone strike,Confirmed,1,1,1,1,3,6,0,0,0,0,0,0,http://www.thebureauinvestigates.com/2015/01/26/yemen-reported-us-covert-actions-2015/#YEM181,
YEM182,20/02/2015,Al Houta,Shabwa,AirstrikePossible drone strike,Possible,1,1,1,1,2,3,0,0,0,0,0,0,http://www.thebureauinvestigates.com/2015/01/26/yemen-reported-us-covert-actions-2015/#YEM182,
YEM183,28/02/2015,Bihan region,Shabwa,AirstrikePossible drone strike,Possible,1,1,1,1,3,4,0,0,0,0,0,0,http://www.thebureauinvestigates.com/2015/01/26/yemen-reported-us-covert-actions-2015/#YEM183,
YEM184,01/03/15,Markha district,Shabwa,AirstrikePossible drone strike,Possible,1,1,1,1,2,3,0,0,0,0,3,3,http://www.thebureauinvestigates.com/2015/01/26/yemen-reported-us-covert-actions-2015/#YEM184,
YEM185,12/04/15,Mukalla,Hadhramout,US drone strike,Confirmed,1,1,1,1,3,7,0,0,0,0,0,0,http://www.thebureauinvestigates.com/2015/01/26/yemen-reported-us-covert-actions-2015/#YEM185,
YEM186,17/04/2015,Habban,Shabwa,US drone strike,Confirmed,1,1,1,1,2,2,0,0,0,0,0,0,http://www.thebureauinvestigates.com/2015/01/26/yemen-reported-us-covert-actions-2015/#YEM186,
YEM187,19/04/2015,Saeed district,Shabwa,US drone strike,Confirmed,1,1,1,1,2,6,0,0,0,0,0,0,http://www.thebureauinvestigates.com/2015/01/26/yemen-reported-us-covert-actions-2015/#YEM187,
YEM188,21/04/2015,Mukalla,Hadramout,US drone strike,Confirmed,1,1,1,2,5,7,0,1,0,1,0,0,http://www.thebureauinvestigates.com/2015/01/26/yemen-reported-us-covert-actions-2015/#YEM188,
YEM189,08/05/15,Mafraq,Shabwa,AirstrikePossible US drone strike,Possible,1,1,1,1,3,3,0,0,0,0,0,0,http://www.thebureauinvestigates.com/2015/01/26/yemen-reported-us-covert-actions-2015/#YEM189,
YEM190,10/05/15,Ataq,Shabwa,AirstrikePossible US drone strike,Possible,1,1,1,1,1,4,0,0,0,0,0,0,http://www.thebureauinvestigates.com/2015/01/26/yemen-reported-us-covert-actions-2015/#YEM190,
YEM191,11/05/15,Mukalla,Hadramout,US drone strike,Confirmed,1,1,1,1,4,4,0,0,0,0,2,2,http://www.thebureauinvestigates.com/2015/01/26/yemen-reported-us-covert-actions-2015/#YEM191,
YEM192,16/05/2015,Unknown,Shabwa,US drone strike,Confirmed,1,1,1,1,3,3,0,0,0,0,0,0,http://www.thebureauinvestigates.com/2015/01/26/yemen-reported-us-covert-actions-2015/#YEM192,
YEM193,22/05/2015,Unknown,Shabwa,US drone strike,Confirmed,1,1,1,1,3,5,0,0,0,0,0,0,http://www.thebureauinvestigates.com/2015/01/26/yemen-reported-us-covert-actions-2015/#YEM193,
YEM194,02/06/15,Unknown,Jawf,AirstrikePossible US drone strike,Possible,1,1,1,1,5,20,0,0,0,0,0,0,http://www.thebureauinvestigates.com/2015/01/26/yemen-reported-us-covert-actions-2015/#YEM194,
YEM195,09/06/15,Mukalla,Hadramout,US drone strike,Confirmed,1,1,1,1,3,3,0,0,0,0,2,2,http://www.thebureauinvestigates.com/2015/01/26/yemen-reported-us-covert-actions-2015/#YEM195,
YEM196,25/06/2015,Mukalla,Hadramout,US drone strike,Confirmed,1,1,1,1,4,5,0,0,0,0,2,2,http://www.thebureauinvestigates.com/2015/01/26/yemen-reported-us-covert-actions-2015/#YEM196,
YEM197,26/06/2015,Rafadh,Shabwa,AirstrikePossible US drone strike,Possible,1,1,1,1,4,4,0,0,0,0,0,0,http://www.thebureauinvestigates.com/2015/01/26/yemen-reported-us-covert-actions-2015/#YEM197,
YEM198,26/06/2015,Mukalla,Hadramout,AirstrikePossible US drone strike,Possible,1,1,1,1,4,4,0,0,0,0,0,0,http://www.thebureauinvestigates.com/2015/01/26/yemen-reported-us-covert-actions-2015/#YEM198,
YEM199,03/07/15,Mukalla,Hadramout,US drone strike,Confirmed,1,1,1,1,4,4,0,0,0,0,0,0,http://www.thebureauinvestigates.com/2015/01/26/yemen-reported-us-covert-actions-2015/#YEM199,
YEM200,11/07/15,Mukalla,Hadramout,US drone strike,Confirmed,1,1,1,1,3,10,0,0,0,0,0,0,http://www.thebureauinvestigates.com/2015/01/26/yemen-reported-us-covert-actions-2015/#YEM200,
YEM201,29/07/2015,Wadi Dikha,Abyan,US drone strike,Confirmed,1,1,1,1,4,5,0,0,0,0,0,0,http://www.thebureauinvestigates.com/2015/01/26/yemen-reported-us-covert-actions-2015/#YEM201,
YEM202,12/08/15,Mukalla-Rukob road,Hadramout,US drone strike,Confirmed,1,1,1,1,5,5,0,0,0,0,0,0,http://www.thebureauinvestigates.com/2015/01/26/yemen-reported-us-covert-actions-2015/#YEM202,
YEM203,21/08/2015,Harib,Marib,"Airstrike, Possible US drone strike",Possible,1,1,1,1,3,3,0,0,0,0,0,0,https://www.thebureauinvestigates.com/2015/01/26/yemen-reported-us-covert-actions-2015/#YEM203,
YEM204,23/08/2015,Mukalla,Hadaramout,US drone strike,Confirmed,1,1,1,1,4,4,0,0,0,0,0,0,http://www.thebureauinvestigates.com/2015/01/26/yemen-reported-us-covert-actions-2015/#YEM204,
YEM205,26/08/2015,Mukalla,Hadramout,US drone strike,Confirmed,1,1,1,1,5,5,0,0,0,0,0,0,http://www.thebureauinvestigates.com/2015/01/26/yemen-reported-us-covert-actions-2015/#YEM205,
YEM206,09/09/15,Mukalla,Hadramout,US drone strike,Confirmed,1,1,1,1,3,6,0,4,0,0,2,2,http://www.thebureauinvestigates.com/2015/01/26/yemen-reported-us-covert-actions-2015/#YEM206,
YEM207,11/09/15,Unknown,Jawf-Mareb border,"Airstrike, Possible US drone strike",Possible,1,1,1,1,4,4,0,0,0,0,0,0,http://www.thebureauinvestigates.com/2015/01/26/yemen-reported-us-covert-actions-2015/#YEM207,
YEM208,12/09/15,Mukalla,Hadramout,US drone strike,Confirmed,1,1,1,1,4,5,0,0,0,0,0,0,http://www.thebureauinvestigates.com/2015/01/26/yemen-reported-us-covert-actions-2015/#YEM208,
YEM209,21/09/2015,Marib city,Marib,"Airstrike, Possible US drone strike",Possible,1,1,1,1,2,2,0,0,0,0,0,0,http://www.thebureauinvestigates.com/2015/01/26/yemen-reported-us-covert-actions-2015/#YEM209,
YEM210,22/12/2015,Nata district,Bayda-Shabwa border,US drone strike,Confirmed,1,1,1,1,4,4,0,0,0,0,0,0,http://www.thebureauinvestigates.com/2015/01/26/yemen-reported-us-covert-actions-2015/#YEM210,
YEM211,15/01/2016,Rafadh,Shabwa,US drone strike,Confirmed,1,1,1,1,3,3,0,0,0,0,0,0,https://www.thebureauinvestigates.com/2016/01/18/yemen-reported-us-covert-actions-2016/#YEM211,https://www.thebureauinvestigates.com/2016/01/18/yemen-reported-us-covert-actions-2016/#
YEM212,19/01/2016,Sayoun,Hadramout,US drone strike,Confirmed,1,1,1,1,2,2,0,0,0,0,0,0,https://www.thebureauinvestigates.com/2016/01/18/yemen-reported-us-covert-actions-2016/#YEM212,
YEM213,03/02/16,Rawda city,Shabwa,US drone strike,Confirmed,1,1,1,1,6,6,0,0,0,0,0,0,https://www.thebureauinvestigates.com/2016/01/18/yemen-reported-us-covert-actions-2016/#YEM213,
YEM214,03/02/16,Maraquesha,Abyan,US drone strike,Confirmed,1,1,1,1,3,3,0,0,0,0,0,0,https://www.thebureauinvestigates.com/2016/01/18/yemen-reported-us-covert-actions-2016/#YEM214,
YEM215,15/02/2016,Huta,Lahij,"Airstrike, Possible US drone strike",Possible,1,1,1,1,3,3,0,0,0,0,0,0,https://www.thebureauinvestigates.com/2016/01/18/yemen-reported-us-covert-actions-2016/#YEM215,
YEM216,29/02/2016,Unknown,Hadramout,US drone or air strike,Confirmed,1,1,1,1,3,3,0,0,0,0,0,0,https://www.thebureauinvestigates.com/2016/01/18/yemen-reported-us-covert-actions-2016/#YEM216,
YEM217,04/03/16,Radhum,Shabwa,US drone strike,Confirmed,1,1,1,1,4,4,0,0,0,0,0,0,https://www.thebureauinvestigates.com/2016/01/18/yemen-reported-us-covert-actions-2016/#YEM217,
YEM218,22/03/2016,Hajr (75km W of Mukalla),Hadramout,US air strike,Confirmed,1,0,1,1,50,71,0,0,0,0,28,30,https://www.thebureauinvestigates.com/2016/01/18/yemen-reported-us-covert-actions-2016/#YEM218,
YEM219,26/03/2016,Al Hudhn and Naqeel al Hayala villages,Abyan,"Airstrike, Possible US drone strike",Possible,1,1,2,2,8,8,0,0,0,0,0,0,https://www.thebureauinvestigates.com/2016/01/18/yemen-reported-us-covert-actions-2016/#YEM219,
YEM220,26/03/2016,Zinjibar,Abyan,"Airstrike, Possible US drone strike",Possible,1,1,1,1,6,6,0,0,0,0,0,0,https://www.thebureauinvestigates.com/2016/01/18/yemen-reported-us-covert-actions-2016/#YEM220,
YEM221,28/03/2016,Mukalla,Hadramout,Airstrike,Possible,1,0,1,1,5,5,3,3,0,0,0,0,https://www.thebureauinvestigates.com/2016/01/18/yemen-reported-us-covert-actions-2016/#YEM221,
YEM222,30/03/2016,Azzan,Shabwa,US drone strike,Confirmed,1,1,1,1,2,5,0,0,0,0,0,0,https://www.thebureauinvestigates.com/2016/01/18/yemen-reported-us-covert-actions-2016/#YEM222,
YEM223,30/03/2016,Mukalla,Hadramout,Airstrike,Possible,1,0,3,3,0,0,0,0,0,0,0,0,https://www.thebureauinvestigates.com/2016/01/18/yemen-reported-us-covert-actions-2016/#YEM223,
YEM224,03/04/16,Mukalla,Hadramout,"Airstrike, Possible US drone strike",Possible,1,1,4,5,0,0,0,0,0,0,0,0,https://www.thebureauinvestigates.com/2016/01/18/yemen-reported-us-covert-actions-2016/#YEM224,
YEM225,05/04/16,Zinjibar,Abyan,Airstrike,Possible,1,0,2,2,0,0,0,0,0,0,0,0,https://www.thebureauinvestigates.com/2016/01/18/yemen-reported-us-covert-actions-2016/#YEM225,
YEM226,23/04/2016,Alemien,Mareb,US drone strike,Confirmed,1,1,1,1,2,2,0,0,0,0,0,0,https://www.thebureauinvestigates.com/2016/01/18/yemen-reported-us-covert-actions-2016/#YEM226,
YEM227,25/04/2016,Zinjibar,Abyan,US drone strike,Confirmed,1,1,1,1,3,6,0,0,0,0,0,0,https://www.thebureauinvestigates.com/2016/01/18/yemen-reported-us-covert-actions-2016/#YEM227,
YEM228,25/04/2016,Azzan,Shabwa,US drone strike,Confirmed,1,1,1,1,2,10,0,0,0,0,0,0,https://www.thebureauinvestigates.com/2016/01/18/yemen-reported-us-covert-actions-2016/#YEM228,
YEM229,28/04/2016,Unknown,Shabwa,US drone strike,Confirmed,1,1,1,1,4,4,0,0,0,0,1,1,https://www.thebureauinvestigates.com/2016/01/18/yemen-reported-us-covert-actions-2016/#YEM229,
YEM230,19/05/2016,Unknown,Shabwa,US drone strike,Confirmed,1,1,1,1,4,4,0,0,0,0,0,0,https://www.thebureauinvestigates.com/2016/01/18/yemen-reported-us-covert-actions-2016/#YEM230,
YEM231,09/06/16,Unknown,Bayda,US drone strike,Confirmed,1,1,1,1,2,2,0,0,0,0,0,0,https://www.thebureauinvestigates.com/2016/01/18/yemen-reported-us-covert-actions-2016/#YEM231,
YEM232,10/06/16,Unknown,Mareb,US drone strike,Confirmed,1,1,1,1,2,2,0,0,0,0,0,0,https://www.thebureauinvestigates.com/2016/01/18/yemen-reported-us-covert-actions-2016/#YEM232,
YEM233,12/06/16,Haban,Shabwa,US drone strike,Confirmed,1,1,1,1,2,3,0,0,0,0,1,1,https://www.thebureauinvestigates.com/2016/01/18/yemen-reported-us-covert-actions-2016/#YEM233,
YEM234,01/07/16,Gardan,Shabwa,US drone strike,Confirmed,1,1,1,1,3,6,0,0,0,0,0,0,https://www.thebureauinvestigates.com/2016/01/18/yemen-reported-us-covert-actions-2016/#YEM234,
YEM235,04/07/16,Musaina,Shabwa,US drone strike,Confirmed,1,1,1,1,2,3,0,0,0,0,0,1,https://www.thebureauinvestigates.com/2016/01/18/yemen-reported-us-covert-actions-2016/#YEM235,
YEM236,08/07/16,Unknown,Central Yemen,US drone strike,Confirmed,1,1,1,1,1,1,0,0,0,0,0,0,https://www.thebureauinvestigates.com/2016/01/18/yemen-reported-us-covert-actions-2016/#YEM236,
YEM237,10/07/16,Jabul,Mareb,US drone strike,Possible,1,1,1,1,0,0,0,0,0,0,4,4,https://www.thebureauinvestigates.com/2016/01/18/yemen-reported-us-covert-actions-2016/#YEM237,
YEM238,16/07/2016,Al Uqlah,Shabwa,US drone strike,Confirmed,1,1,1,1,2,4,0,0,0,0,0,2,https://www.thebureauinvestigates.com/2016/01/18/yemen-reported-us-covert-actions-2016/#YEM238,
YEM239,04/08/16,Azzan,Shabwa,US drone strike,Confirmed,1,1,1,1,2,4,0,0,0,0,2,4,https://www.thebureauinvestigates.com/2016/01/18/yemen-reported-us-covert-actions-2016/#YEM239,
YEM240,24/08/2016,Unknown,Shabwa,US drone strike,Confirmed,1,1,1,1,4,5,0,0,0,0,0,0,https://www.thebureauinvestigates.com/2016/01/18/yemen-reported-us-covert-actions-2016/#YEM240,
YEM241,30/08/2016,Unknown,Shabwa,US air or drone strike ,Confirmed,1,1,1,1,3,3,0,0,0,0,0,0,https://www.thebureauinvestigates.com/2016/01/18/yemen-reported-us-covert-actions-2016/#YEM241,
YEM242,04/09/16,Unknown,Shabwa,US air or drone strike,Confirmed,1,1,1,1,6,9,0,0,0,0,0,0,https://www.thebureauinvestigates.com/2016/01/18/yemen-reported-us-covert-actions-2016/#YEM242,
YEM243,13/09/2016,Radaa area,Bayda ,US drone strike ,Confirmed,1,1,1,1,5,5,0,0,0,0,0,0,https://www.thebureauinvestigates.com/2016/01/18/yemen-reported-us-covert-actions-2016/#YEM243,
YEM244,20/09/2016,Wadi Abida,Marib,US drone or air strike,Confirmed,1,1,1,1,2,2,0,0,0,0,0,0,https://www.thebureauinvestigates.com/2016/01/18/yemen-reported-us-covert-actions-2016/#YEM244,
YEM245,22/09/2016,Sawmaa district,Bayda,US air or drone strike,Confirmed,1,1,1,1,2,3,0,0,0,0,0,0,https://www.thebureauinvestigates.com/2016/01/18/yemen-reported-us-covert-actions-2016/#YEM245,
YEM246,23/09/2016,Unknown,Mareb,US drone strike,Confirmed,1,1,1,1,3,5,0,0,0,0,0,0,https://www.thebureauinvestigates.com/2016/01/18/yemen-reported-us-covert-actions-2016/#YEM246,
YEM247,29/09/2016,Unknown,Bayda,US air or drone strike,Confirmed,1,1,1,1,2,2,0,0,0,0,0,0,https://www.thebureauinvestigates.com/2016/01/18/yemen-reported-us-covert-actions-2016/#YEM247,
YEM248,06/10/16,Unknown,Shabwah,US air or drone strike,Confirmed,1,0,1,1,2,2,0,0,0,0,0,0,https://www.thebureauinvestigates.com/2016/01/18/yemen-reported-us-covert-actions-2016/#YEM248,
YEM249,12/10/16,North of the Bab el-Mandeb strait,-,US cruise missle strike,Confirmed,0,0,3,3,0,0,0,0,0,0,0,0,https://www.thebureauinvestigates.com/2016/01/18/yemen-reported-us-covert-actions-2016/#YEM249,
YEM250,18/10/2016,Unknown,Shabwah,US air or drone strike,Confirmed,1,1,1,1,3,8,0,0,0,0,2,2,https://www.thebureauinvestigates.com/2016/01/18/yemen-reported-us-covert-actions-2016/#YEM250,
YEM251,21/10/2016,Unknown,Marib,US air or drone strike,Confirmed,1,0,1,1,5,5,0,0,0,0,0,0,https://www.thebureauinvestigates.com/2016/01/18/yemen-reported-us-covert-actions-2016/#YEM251,
YEM252,21/11/2016,Unknown,Bayda,US air or drone strike,Confirmed,1,1,1,1,1,1,0,0,0,0,0,0,https://www.thebureauinvestigates.com/2016/01/18/yemen-reported-us-covert-actions-2016/#YEM252,
YEM253,24/11/2016,Sawmaah,Bayda,US air or drone strike,Confirmed,1,1,1,1,2,2,0,0,0,0,0,0,https://www.thebureauinvestigates.com/2016/01/18/yemen-reported-us-covert-actions-2016/#YEM253,
YEM254,30/11/2016,Unknown,Hadramout,US air or drone strike,Confirmed,1,1,1,1,3,3,0,0,0,0,0,0,https://www.thebureauinvestigates.com/2016/01/18/yemen-reported-us-covert-actions-2016/#YEM254,
YEM255,13/12/2016,Unknown,Marib/Al Jawf,US air or drone strike,Confirmed,1,1,1,1,4,4,0,0,0,0,0,0,https://www.thebureauinvestigates.com/2016/01/18/yemen-reported-us-covert-actions-2016/#YEM255,
YEM256,29/12/2016,Sawmaah,Bayda ,US air or drone strike,Confirmed,1,1,1,1,2,2,0,0,0,0,0,0,https://www.thebureauinvestigates.com/2016/01/18/yemen-reported-us-covert-actions-2016/#YEM256,
YEM257,08/01/17,Unknown,Bayda,US air or drone strike,Confirmed,1,1,1,1,1,1,0,0,0,0,0,0,https://www.thebureauinvestigates.com/2017/01/13/yemen-reported-us-covert-actions-2017/#YEM257,https://www.thebureauinvestigates.com/2017/01/13/yemen-reported-us-covert-actions-2017/#
YEM258,20/01/2017,Unknown,Bayda,US air or drone strike,Confirmed,1,1,1,1,1,1,0,0,0,0,0,0,https://www.thebureauinvestigates.com/2017/01/13/yemen-reported-us-covert-actions-2017/#YEM258,
YEM259,21/01/2017,Unknown,Bayda,US air or drone strike,Confirmed,1,1,1,2,3,6,0,0,0,0,0,0,https://www.thebureauinvestigates.com/2017/01/13/yemen-reported-us-covert-actions-2017/#YEM259,
YEM260,22/01/2017,Unknown,Bayda,US air or drone strike,Confirmed,1,1,1,2,1,3,0,0,0,0,0,0,https://www.thebureauinvestigates.com/2017/01/13/yemen-reported-us-covert-actions-2017/#YEM260,
YEM261,28/01/2017,Yakla,Bayda,"US air and ground operationSpecial forces air assault and air support, possibly drone",Confirmed,0,0,1,1,39,39,25,25,10,10,7,7,https://www.thebureauinvestigates.com/2017/01/13/yemen-reported-us-covert-actions-2017/#YEM261,
YEM262,30/01/2017,Baihan,Shabwa,US air or drone strike,Confirmed,1,1,1,1,2,2,0,0,0,0,0,0,https://www.thebureauinvestigates.com/2017/01/13/yemen-reported-us-covert-actions-2017/#YEM262,
YEM263,02/03/17,Unknown,Across central Yemen ,US air or drone strikes,Confirmed,1,0,25,25,2,12,0,0,0,0,0,0,https://www.thebureauinvestigates.com/2017/01/13/yemen-reported-us-covert-actions-2017/#YEM263,
YEM264,03/03/17,Unknown,Yemen,US air or drone strikes,Confirmed,1,0,5,10,1,8,0,0,0,0,0,0,https://www.thebureauinvestigates.com/2017/01/13/yemen-reported-us-covert-actions-2017/#YEM264,
YEM265,04/03/17,Ahwar,Abyan ,US air or drone strike,Confirmed,1,1,1,1,2,2,0,0,0,0,0,0,https://www.thebureauinvestigates.com/2017/01/13/yemen-reported-us-covert-actions-2017/#YEM265,
YEM266,06/03/17,Unknown,Multiple provinces,US air or drone strikes,Confirmed,1,0,9,4,7,11,0,2,0,2,0,0,https://www.thebureauinvestigates.com/2017/01/13/yemen-reported-us-covert-actions-2017/#YEM266,
YEM267,31/03/2017,Unknown ,Unknown ,US air or drone strikes,Confirmed,1,0,10,10,0,0,0,0,0,0,0,0,https://www.thebureauinvestigates.com/2017/01/13/yemen-reported-us-covert-actions-2017/#YEM267,
YEM268,02/04/17,Unknown ,Shabwah ,US air or drone strikes,Confirmed,1,0,20,20,0,0,0,0,0,0,0,0,https://www.thebureauinvestigates.com/2017/01/13/yemen-reported-us-covert-actions-2017/#YEM268,
YEM269,18/04/2017,Unknown ,Marib,US air or drone strike,Confirmed,1,1,1,1,3,4,0,0,0,0,0,0,https://www.thebureauinvestigates.com/2017/01/13/yemen-reported-us-covert-actions-2017/#YEM269,
YEM270,23/04/2017,al Said ,Shabwah ,US air or drone strike,Confirmed,1,1,1,1,3,8,3,8,0,0,0,0,https://www.thebureauinvestigates.com/2017/01/13/yemen-reported-us-covert-actions-2017/#YEM270,
YEM271,24/04/2017,Unknown ,Unknown ,US air or drone strike,Confirmed,1,0,8,8,0,0,0,0,0,0,0,0,https://www.thebureauinvestigates.com/2017/01/13/yemen-reported-us-covert-actions-2017/#YEM271,
YEM272,29/04/2017,Unknown ,Marib,US air or drone strike,Confirmed,1,1,1,1,4,5,0,0,0,0,0,0,https://www.thebureauinvestigates.com/2017/01/13/yemen-reported-us-covert-actions-2017/#YEM272,
YEM273,29/04/2017,Unknown ,Shabwah ,US air or drone strike,Confirmed,1,0,1,1,3,3,0,0,0,0,0,0,https://www.thebureauinvestigates.com/2017/01/13/yemen-reported-us-covert-actions-2017/#YEM273,
YEM274,23/05/2017,Al Sirim area,Marib,"US air and ground operationSpecial forces raid with air strikes, possibly drone",Confirmed,0,0,1,1,7,12,5,5,0,1,5,6,https://www.thebureauinvestigates.com/2017/01/13/yemen-reported-us-covert-actions-2017/#YEM274,
YEM275,16/06/2017,Al Naqba,Shabwah,US air or drone strike,Confirmed,1,1,1,1,2,3,0,0,0,0,0,0,https://www.thebureauinvestigates.com/2017/01/13/yemen-reported-us-covert-actions-2017/#YEM275,
YEM276,01/07/17,Al Wadei,Abyan,US air or drone strike,Confirmed,1,1,1,1,2,2,0,0,0,0,0,0,https://www.thebureauinvestigates.com/2017/01/13/yemen-reported-us-covert-actions-2017/#YEM276,
YEM277,13/08/2017,Marakishah ,Abyan,US air or drone strike,Confirmed,1,1,1,1,0,3,0,0,0,0,0,0,,
YEM278,09/09/17,Unknown,Bayda ,US air or drone strike,Confirmed,1,0,3,3,2,7,0,0,0,0,0,0,,
YEM279,16/09/2017,Unknown,Unknown,US air or drone strike,Confirmed,1,0,8,6,0,0,0,0,0,0,0,0,,
YEM280,04/10/17,Unknown,Bayda ,US air or drone strike,Confirmed,1,1,1,1,1,2,0,0,0,0,0,0,,
YEM281,08/10/17,Raghwan ,Marib ,US air or drone strike,Confirmed,1,1,1,1,5,5,0,0,0,0,0,0,,
YEM282,16/10/2017,Unknown,Bayda ,US air or drone strike,Confirmed,1,0,2,2,50,50,0,0,0,0,0,0,,
YEM283,19/10/2017,Unknown,Bayda ,US air or drone strike,Confirmed,1,1,1,1,5,5,0,0,0,0,0,0,,
YEM284,19/10/2017,Unknown ,Unknown ,US air or drone strike,Confirmed,1,0,7,7,0,0,0,0,0,0,0,0,,
YEM285,25/10/2017,Unknown ,Bayda ,US air or drone strike,Confirmed,1,0,2,2,9,13,0,0,0,0,0,0,,
YEM286,02/11/17,Al Wadi,Marib ,US air or drone strike,Confirmed,1,1,1,1,2,2,0,0,0,0,0,0,,
YEM287,10/11/17,Unknown,Bayda,US air or drone strike,Confirmed,1,1,1,1,2,2,0,0,0,0,0,0,,
YEM288,11/11/17,Unknown,Bayda,US air or drone strike,Confirmed,1,1,1,1,1,1,0,0,0,0,0,0,,
YEM289,12/11/17,Unknown,Bayda,US air or drone strike,Confirmed,1,1,1,1,2,2,0,0,0,0,0,0,,
YEM290,19/11/2017,Unknown,Bayda,US air or drone strike,Confirmed,1,0,1,1,2,2,0,0,0,0,0,0,,
YEM291,20/11/2017,Unknown,Bayda,US air or drone strike,Confirmed,1,0,2,2,5,5,0,0,0,0,0,0,,
YEM292,23/11/2017,Unknown,Bayda,US air or drone strike,Confirmed,1,0,1,1,2,2,0,0,0,0,0,0,,
YEM293,25/11/2017,Unknown,Shabwah ,US air or drone strike,Confirmed,1,1,1,1,5,7,0,0,0,0,0,0,,
YEM294,26/11/2017,Qaifa ,Bayda,US air or drone strike,Confirmed,1,1,1,1,3,3,0,0,0,0,0,0,,
YEM295,15/12/2017,Unknown,Bayda,US air or drone strike,Confirmed,1,0,1,1,1,1,0,0,0,0,0,0,,
YEM296,19/12/2017,Unknown,Marib,US air or drone strike,Confirmed,1,0,1,1,1,1,0,0,0,0,0,0,,
YEM297,01/01/18,Unknown,Bayda,US air or drone strike,Confirmed,1,1,1,1,0,2,0,2,0,0,0,0,,
YEM298,26/01/2018,Said,Shabwah,US air or drone strike,Confirmed,1,1,1,1,7,7,7,7,0,0,0,0,,
YEM299,29/01/2018,Unknown,Unknown,US air or drone strike,Confirmed,1,0,8,8,0,0,0,0,0,0,0,0,,
YEM300,11/02/18,Unknown,Bayda,US air or drone strike,Confirmed,1,1,1,1,6,6,0,0,0,0,0,0,,
YEM301,16/02/2018,Unknown,Bayda,US air or drone strike,Confirmed,1,1,1,1,2,3,0,0,0,0,0,0,,
YEM302,28/02/2018,Unknown,Unknown,US air or drone strike,Confirmed,1,0,4,4,0,0,0,0,0,0,0,0,,
YEM303,05/03/18,Unknown,Hadramout,US air or drone strike,Confirmed,1,1,1,1,1,4,0,1,0,1,0,1,,
YEM304,07/03/18,Al Hudhi,Hadramout,US air or drone strike,Confirmed,1,1,1,1,1,1,1,1,0,0,0,0,,
YEM305,08/03/18,Unknown,Hadramout,US air or drone strike,Confirmed,1,0,1,1,0,0,0,0,0,0,0,0,,
YEM306,09/03/18,Al Abr,Hadramout,US air or drone strike,Possible,1,1,1,1,6,6,0,6,0,1,0,0,,
YEM307,22/03/2018,Wadi Abida,Marib,US air or drone strike,Possible,1,1,1,1,5,7,0,0,0,0,0,0,,
YEM308,26/03/2018,Unknown,Hadramout,US air or drone strike,Confirmed,1,0,3,3,0,0,0,0,0,0,0,0,,
YEM309,29/03/2018,Sawmaah,Bayda,US air or drone strike,Confirmed,1,1,1,1,3,4,0,3,0,0,0,2,,
YEM310,11/04/18,Unknown,Hadramout,US air or drone strike,Confirmed,1,0,1,1,0,0,0,0,0,0,0,0,,
YEM311,23/04/2018,Unknown,Bayda,US air or drone strike,Confirmed,1,0,1,1,0,0,0,0,0,0,0,0,,
YEM312,30/04/2018,Unknown,Unknown,US air or drone strike,Confirmed,1,0,2,2,0,0,0,0,0,0,0,0,,
YEM313,14/05/2018,Unknown,Shabwah,US air or drone strike,Confirmed,1,1,1,1,2,3,0,1,0,0,0,0,,
YEM314,23/06/2018,Unknown,Unknown,US air or drone strike,Confirmed,1,0,1,1,0,0,0,0,0,0,0,0,,
YEM315,30/06/2018,Unknown,Unknown,US air or drone strike,Confirmed,1,0,1,1,0,0,0,0,0,0,0,0,,
YEM316,22/07/2018,Unknown,Hadramout,US air or drone strike,Confirmed,1,0,1,1,0,0,0,0,0,0,0,0,,
YEM317,24/07/2018,Unknown,Hadramout,US air or drone strike,Confirmed,1,0,1,1,0,0,0,0,0,0,0,0,,
YEM318,14/08/2018,Unknown,Unknown,US air or drone strike,Confirmed,1,0,1,1,0,0,0,0,0,0,0,0,,
YEM319,09/09/18,Ahwar,Abyan,US air or drone strike,Confirmed,1,0,1,1,4,4,0,0,0,0,0,0,,
YEM320,18/09/2018,Unknown,Bayda,US air or drone strike,Confirmed,1,0,1,1,0,0,0,0,0,0,0,0,,
YEM321,25/11/2018,al Qrishia,Bayda,US air or drone strike,Confirmed,1,1,1,1,5,8,0,0,0,0,0,0,,
YEM322,01/01/19,Unknown,Marib,US air or drone strike,Confirmed,1,0,1,1,1,1,0,0,0,0,0,0,,
YEM323,31/03/2019,Unknown,Bayda,US air or drone strike,Confirmed,1,0,6,6,0,0,0,0,0,0,0,0,,
YEM324,24/06/2019,Dhi Naim,Badya,US air or drone strike,Confirmed,1,0,1,1,0,5,0,0,0,0,0,0,,
YEM325,02/01/20,Unknown,Unknown,US air or drone strike,Possible,1,1,1,1,0,0,0,0,0,0,0,0,,
YEM326,02/01/20,Wadi Abedah,Marib,US air or drone strike,Possible,1,1,1,1,0,2,0,0,0,0,0,0,,
